c_d_dep,departamento,c_d_mun,municipio,grupo_de_cultivo,subgrupo_de_cultivo,cultivo,desagregaci_n_regional_y,a_o,periodo,rea_sembrada_ha,rea_cosechada_ha,producci_n_t,rendimiento_t_ha,estado_fisico_produccion,nombre_cientifico,ciclo_de_cultivo
5,ANTIOQUIA,5440,MARINILLA,HORTALIZAS,ACELGA,ACELGA,ACELGA,2016,2016A,11,11,297,27.0,FRUTO FRESCO,BETA VULGARIS,TRANSITORIO
5,ANTIOQUIA,5440,MARINILLA,HORTALIZAS,ACELGA,ACELGA,ACELGA,2016,2016B,11,11,297,27.0,FRUTO FRESCO,BETA VULGARIS,TRANSITORIO
5,ANTIOQUIA,5440,MARINILLA,HORTALIZAS,ACELGA,ACELGA,ACELGA,2017,2017A,9,9,243,27.0,FRUTO FRESCO,BETA VULGARIS,TRANSITORIO
5,ANTIOQUIA,5440,MARINILLA,HORTALIZAS,ACELGA,ACELGA,ACELGA,2017,2017B,15,15,422,28.1,FRUTO FRESCO,BETA VULGARIS,TRANSITORIO
5,ANTIOQUIA,5440,MARINILLA,HORTALIZAS,ACELGA,ACELGA,ACELGA,2018,2018A,10,10,277,27.68,FRUTO FRESCO,BETA VULGARIS,TRANSITORIO
5,ANTIOQUIA,5475,MURINDO,TUBERCULOS Y PLATANOS,MALANGA,MALANGA,ACHIN,2011,2011,6,6,209,37.4,TUBERCULO FRESCO,COLOCASIA ESCULENTA,ANUAL
5,ANTIOQUIA,5895,ZARAGOZA,"PLANTAS AROMATICAS, CONDIMENTARIAS Y MEDICINALES",PLANTAS CONDIMENTARIAS,ACHIOTE,ACHIOTE (BIJA),2016,2016,5,5,3,0.5,TUBERCULO FRESCO,BIXA ORELLANA,ANUAL
5,ANTIOQUIA,5264,ENTRERRIOS,FRUTALES,FRUTALES EXOTICOS,AGRAZ,AGRAZ,2013,2013,1,1,1,1.6,FRUTO FRESCO,VACCINIUM MERIDIONALE,PERMANENTE
5,ANTIOQUIA,5647,SAN ANDRES,FRUTALES,FRUTALES EXOTICOS,AGRAZ,AGRAZ,2014,2014,4,0,0,,FRUTO FRESCO,VACCINIUM MERIDIONALE,PERMANENTE
5,ANTIOQUIA,5686,SANTA ROSA DE OSOS,FRUTALES,FRUTALES EXOTICOS,AGRAZ,AGRAZ,2014,2014,3,3,6,2.0,FRUTO FRESCO,VACCINIUM MERIDIONALE,PERMANENTE
5,ANTIOQUIA,5264,ENTRERRIOS,FRUTALES,FRUTALES EXOTICOS,AGRAZ,AGRAZ,2014,2014,3,1,1,1.0,FRUTO FRESCO,VACCINIUM MERIDIONALE,PERMANENTE
5,ANTIOQUIA,5647,SAN ANDRES,FRUTALES,FRUTALES EXOTICOS,AGRAZ,AGRAZ,2015,2015,4,0,0,,FRUTO FRESCO,VACCINIUM MERIDIONALE,PERMANENTE
5,ANTIOQUIA,5686,SANTA ROSA DE OSOS,FRUTALES,FRUTALES EXOTICOS,AGRAZ,AGRAZ,2015,2015,3,3,6,2.0,FRUTO FRESCO,VACCINIUM MERIDIONALE,PERMANENTE
5,ANTIOQUIA,5264,ENTRERRIOS,FRUTALES,FRUTALES EXOTICOS,AGRAZ,AGRAZ,2015,2015,3,1,1,1.0,FRUTO FRESCO,VACCINIUM MERIDIONALE,PERMANENTE
5,ANTIOQUIA,5237,DON MATIAS,FRUTALES,FRUTALES EXOTICOS,AGRAZ,AGRAZ,2015,2015,1,0,0,,FRUTO FRESCO,VACCINIUM MERIDIONALE,PERMANENTE
5,ANTIOQUIA,5686,SANTA ROSA DE OSOS,FRUTALES,FRUTALES EXOTICOS,AGRAZ,AGRAZ,2016,2016,3,3,6,2.0,FRUTO FRESCO,VACCINIUM MERIDIONALE,PERMANENTE
5,ANTIOQUIA,5148,CARMEN DE VIBORAL,FRUTALES,FRUTALES EXOTICOS,AGRAZ,AGRAZ,2016,2016,3,2,6,4.0,FRUTO FRESCO,VACCINIUM MERIDIONALE,PERMANENTE
5,ANTIOQUIA,5647,SAN ANDRES,FRUTALES,FRUTALES EXOTICOS,AGRAZ,AGRAZ,2016,2016,2,0,0,,FRUTO FRESCO,VACCINIUM MERIDIONALE,PERMANENTE
5,ANTIOQUIA,5264,ENTRERRIOS,FRUTALES,FRUTALES EXOTICOS,AGRAZ,AGRAZ,2016,2016,2,1,1,1.0,FRUTO FRESCO,VACCINIUM MERIDIONALE,PERMANENTE
5,ANTIOQUIA,5237,DON MATIAS,FRUTALES,FRUTALES EXOTICOS,AGRAZ,AGRAZ,2016,2016,1,1,4,4.0,FRUTO FRESCO,VACCINIUM MERIDIONALE,PERMANENTE
5,ANTIOQUIA,5686,SANTA ROSA DE OSOS,FRUTALES,FRUTALES EXOTICOS,AGRAZ,AGRAZ,2017,2017,3,3,5,1.5,FRUTO FRESCO,VACCINIUM MERIDIONALE,PERMANENTE
5,ANTIOQUIA,5148,CARMEN DE VIBORAL,FRUTALES,FRUTALES EXOTICOS,AGRAZ,AGRAZ,2017,2017,3,2,8,5.0,FRUTO FRESCO,VACCINIUM MERIDIONALE,PERMANENTE
5,ANTIOQUIA,5647,SAN ANDRES,FRUTALES,FRUTALES EXOTICOS,AGRAZ,AGRAZ,2017,2017,2,0,0,,FRUTO FRESCO,VACCINIUM MERIDIONALE,PERMANENTE
5,ANTIOQUIA,5264,ENTRERRIOS,FRUTALES,FRUTALES EXOTICOS,AGRAZ,AGRAZ,2017,2017,2,0,0,,FRUTO FRESCO,VACCINIUM MERIDIONALE,PERMANENTE
5,ANTIOQUIA,5148,CARMEN DE VIBORAL,FRUTALES,FRUTALES EXOTICOS,AGRAZ,AGRAZ,2018,2018,6,3,10,4.0,FRUTO FRESCO,VACCINIUM MERIDIONALE,PERMANENTE
5,ANTIOQUIA,5686,SANTA ROSA DE OSOS,FRUTALES,FRUTALES EXOTICOS,AGRAZ,AGRAZ,2018,2018,4,3,5,1.5,FRUTO FRESCO,VACCINIUM MERIDIONALE,PERMANENTE
5,ANTIOQUIA,5264,ENTRERRIOS,FRUTALES,FRUTALES EXOTICOS,AGRAZ,AGRAZ,2018,2018,2,0,0,,FRUTO FRESCO,VACCINIUM MERIDIONALE,PERMANENTE
5,ANTIOQUIA,5647,SAN ANDRES,FRUTALES,FRUTALES EXOTICOS,AGRAZ,AGRAZ,2018,2018,2,0,0,,FRUTO FRESCO,VACCINIUM MERIDIONALE,PERMANENTE
5,ANTIOQUIA,5607,RETIRO,FRUTALES,AGUACATE,AGUACATE,AGUACATE,2007,2007,401,170,2380,14.0,FRUTO FRESCO,PERSEA AMERICANA MILL.,PERMANENTE
5,ANTIOQUIA,5679,SANTA BARBARA,FRUTALES,AGUACATE,AGUACATE,AGUACATE,2007,2007,310,300,2250,7.5,FRUTO FRESCO,PERSEA AMERICANA MILL.,PERMANENTE
5,ANTIOQUIA,5376,LA CEJA,FRUTALES,AGUACATE,AGUACATE,AGUACATE,2007,2007,200,150,2175,14.5,FRUTO FRESCO,PERSEA AMERICANA MILL.,PERMANENTE
5,ANTIOQUIA,5490,NECOCLI,FRUTALES,AGUACATE,AGUACATE,AGUACATE,2007,2007,200,130,2600,20.0,FRUTO FRESCO,PERSEA AMERICANA MILL.,PERMANENTE
5,ANTIOQUIA,5837,TURBO,FRUTALES,AGUACATE,AGUACATE,AGUACATE,2007,2007,199,146,1495,10.24,FRUTO FRESCO,PERSEA AMERICANA MILL.,PERMANENTE
5,ANTIOQUIA,5318,GUARNE,FRUTALES,AGUACATE,AGUACATE,AGUACATE,2007,2007,180,120,1680,14.0,FRUTO FRESCO,PERSEA AMERICANA MILL.,PERMANENTE
5,ANTIOQUIA,5148,CARMEN DE VIBORAL,FRUTALES,AGUACATE,AGUACATE,AGUACATE,2007,2007,150,150,180,1.2,FRUTO FRESCO,PERSEA AMERICANA MILL.,PERMANENTE
5,ANTIOQUIA,5467,MONTEBELLO,FRUTALES,AGUACATE,AGUACATE,AGUACATE,2007,2007,139,119,1785,15.0,FRUTO FRESCO,PERSEA AMERICANA MILL.,PERMANENTE
5,ANTIOQUIA,5045,APARTADO,FRUTALES,AGUACATE,AGUACATE,AGUACATE,2007,2007,105,85,680,8.0,FRUTO FRESCO,PERSEA AMERICANA MILL.,PERMANENTE
5,ANTIOQUIA,5002,ABEJORRAL,FRUTALES,AGUACATE,AGUACATE,AGUACATE,2007,2007,96,83,706,8.5,FRUTO FRESCO,PERSEA AMERICANA MILL.,PERMANENTE
5,ANTIOQUIA,5615,RIONEGRO,FRUTALES,AGUACATE,AGUACATE,AGUACATE,2007,2007,90,90,1080,12.0,FRUTO FRESCO,PERSEA AMERICANA MILL.,PERMANENTE
5,ANTIOQUIA,5674,SAN VICENTE,FRUTALES,AGUACATE,AGUACATE,AGUACATE,2007,2007,80,0,0,,FRUTO FRESCO,PERSEA AMERICANA MILL.,PERMANENTE
5,ANTIOQUIA,5756,SONSON,FRUTALES,AGUACATE,AGUACATE,AGUACATE,2007,2007,80,0,0,,FRUTO FRESCO,PERSEA AMERICANA MILL.,PERMANENTE
5,ANTIOQUIA,5861,VENECIA,FRUTALES,AGUACATE,AGUACATE,AGUACATE,2007,2007,79,54,864,16.0,FRUTO FRESCO,PERSEA AMERICANA MILL.,PERMANENTE
5,ANTIOQUIA,5093,BETULIA,FRUTALES,AGUACATE,AGUACATE,AGUACATE,2007,2007,72,0,0,,FRUTO FRESCO,PERSEA AMERICANA MILL.,PERMANENTE
5,ANTIOQUIA,5789,TAMESIS,FRUTALES,AGUACATE,AGUACATE,AGUACATE,2007,2007,48,15,228,15.0,FRUTO FRESCO,PERSEA AMERICANA MILL.,PERMANENTE
5,ANTIOQUIA,5664,SAN PEDRO,FRUTALES,AGUACATE,AGUACATE,AGUACATE,2007,2007,45,14,20,1.4,FRUTO FRESCO,PERSEA AMERICANA MILL.,PERMANENTE
5,ANTIOQUIA,5847,URRAO,FRUTALES,AGUACATE,AGUACATE,AGUACATE,2007,2007,42,12,96,8.0,FRUTO FRESCO,PERSEA AMERICANA MILL.,PERMANENTE
5,ANTIOQUIA,5282,FREDONIA,FRUTALES,AGUACATE,AGUACATE,AGUACATE,2007,2007,40,30,480,16.0,FRUTO FRESCO,PERSEA AMERICANA MILL.,PERMANENTE
5,ANTIOQUIA,5440,MARINILLA,FRUTALES,AGUACATE,AGUACATE,AGUACATE,2007,2007,40,40,440,11.0,FRUTO FRESCO,PERSEA AMERICANA MILL.,PERMANENTE
5,ANTIOQUIA,5237,DON MATIAS,FRUTALES,AGUACATE,AGUACATE,AGUACATE,2007,2007,38,5,30,6.0,FRUTO FRESCO,PERSEA AMERICANA MILL.,PERMANENTE
5,ANTIOQUIA,5642,SALGAR,FRUTALES,AGUACATE,AGUACATE,AGUACATE,2007,2007,31,12,173,15.0,FRUTO FRESCO,PERSEA AMERICANA MILL.,PERMANENTE
5,ANTIOQUIA,5541,PEÑOL,FRUTALES,AGUACATE,AGUACATE,AGUACATE,2007,2007,30,30,165,5.5,FRUTO FRESCO,PERSEA AMERICANA MILL.,PERMANENTE
5,ANTIOQUIA,5842,URAMITA,FRUTALES,AGUACATE,AGUACATE,AGUACATE,2007,2007,25,5,18,3.6,FRUTO FRESCO,PERSEA AMERICANA MILL.,PERMANENTE
5,ANTIOQUIA,5819,TOLEDO,FRUTALES,AGUACATE,AGUACATE,AGUACATE,2007,2007,24,22,98,4.46,FRUTO FRESCO,PERSEA AMERICANA MILL.,PERMANENTE
5,ANTIOQUIA,5364,JARDIN,FRUTALES,AGUACATE,AGUACATE,AGUACATE,2007,2007,20,0,0,,FRUTO FRESCO,PERSEA AMERICANA MILL.,PERMANENTE
5,ANTIOQUIA,5873,VIGIA DEL FUERTE,FRUTALES,AGUACATE,AGUACATE,AGUACATE,2007,2007,20,12,120,10.0,FRUTO FRESCO,PERSEA AMERICANA MILL.,PERMANENTE
5,ANTIOQUIA,5059,ARMENIA,FRUTALES,AGUACATE,AGUACATE,AGUACATE,2007,2007,19,8,38,4.8,FRUTO FRESCO,PERSEA AMERICANA MILL.,PERMANENTE
5,ANTIOQUIA,5361,ITUANGO,FRUTALES,AGUACATE,AGUACATE,AGUACATE,2007,2007,18,13,130,10.0,FRUTO FRESCO,PERSEA AMERICANA MILL.,PERMANENTE
5,ANTIOQUIA,5036,ANGELOPOLIS,FRUTALES,AGUACATE,AGUACATE,AGUACATE,2007,2007,15,0,0,,FRUTO FRESCO,PERSEA AMERICANA MILL.,PERMANENTE
5,ANTIOQUIA,5206,CONCEPCION,FRUTALES,AGUACATE,AGUACATE,AGUACATE,2007,2007,14,0,0,,FRUTO FRESCO,PERSEA AMERICANA MILL.,PERMANENTE
5,ANTIOQUIA,5856,VALPARAISO,FRUTALES,AGUACATE,AGUACATE,AGUACATE,2007,2007,14,0,0,,FRUTO FRESCO,PERSEA AMERICANA MILL.,PERMANENTE
5,ANTIOQUIA,5792,TARSO,FRUTALES,AGUACATE,AGUACATE,AGUACATE,2007,2007,12,0,0,,FRUTO FRESCO,PERSEA AMERICANA MILL.,PERMANENTE
5,ANTIOQUIA,5034,ANDES,FRUTALES,AGUACATE,AGUACATE,AGUACATE,2007,2007,10,10,54,5.4,FRUTO FRESCO,PERSEA AMERICANA MILL.,PERMANENTE
5,ANTIOQUIA,5145,CARAMANTA,FRUTALES,AGUACATE,AGUACATE,AGUACATE,2007,2007,10,0,0,,FRUTO FRESCO,PERSEA AMERICANA MILL.,PERMANENTE
5,ANTIOQUIA,5001,MEDELLIN,FRUTALES,AGUACATE,AGUACATE,AGUACATE,2007,2007,10,0,0,,FRUTO FRESCO,PERSEA AMERICANA MILL.,PERMANENTE
5,ANTIOQUIA,5310,GOMEZ PLATA,FRUTALES,AGUACATE,AGUACATE,AGUACATE,2007,2007,6,0,0,,FRUTO FRESCO,PERSEA AMERICANA MILL.,PERMANENTE
5,ANTIOQUIA,5591,PUERTO TRIUNFO,FRUTALES,AGUACATE,AGUACATE,AGUACATE,2007,2007,6,0,0,,FRUTO FRESCO,PERSEA AMERICANA MILL.,PERMANENTE
5,ANTIOQUIA,5142,CARACOLI,FRUTALES,AGUACATE,AGUACATE,AGUACATE,2007,2007,5,0,0,,FRUTO FRESCO,PERSEA AMERICANA MILL.,PERMANENTE
5,ANTIOQUIA,5380,LA ESTRELLA,FRUTALES,AGUACATE,AGUACATE,AGUACATE,2007,2007,4,4,20,5.0,FRUTO FRESCO,PERSEA AMERICANA MILL.,PERMANENTE
5,ANTIOQUIA,5607,RETIRO,FRUTALES,AGUACATE,AGUACATE,AGUACATE,2008,2008,507,218,3056,14.0,FRUTO FRESCO,PERSEA AMERICANA MILL.,PERMANENTE
5,ANTIOQUIA,5679,SANTA BARBARA,FRUTALES,AGUACATE,AGUACATE,AGUACATE,2008,2008,340,310,2635,8.5,FRUTO FRESCO,PERSEA AMERICANA MILL.,PERMANENTE
5,ANTIOQUIA,5376,LA CEJA,FRUTALES,AGUACATE,AGUACATE,AGUACATE,2008,2008,255,74,1073,14.5,FRUTO FRESCO,PERSEA AMERICANA MILL.,PERMANENTE
5,ANTIOQUIA,5490,NECOCLI,FRUTALES,AGUACATE,AGUACATE,AGUACATE,2008,2008,230,130,1300,10.0,FRUTO FRESCO,PERSEA AMERICANA MILL.,PERMANENTE
5,ANTIOQUIA,5756,SONSON,FRUTALES,AGUACATE,AGUACATE,AGUACATE,2008,2008,200,80,480,6.0,FRUTO FRESCO,PERSEA AMERICANA MILL.,PERMANENTE
5,ANTIOQUIA,5837,TURBO,FRUTALES,AGUACATE,AGUACATE,AGUACATE,2008,2008,197,111,1110,10.0,FRUTO FRESCO,PERSEA AMERICANA MILL.,PERMANENTE
5,ANTIOQUIA,5318,GUARNE,FRUTALES,AGUACATE,AGUACATE,AGUACATE,2008,2008,188,130,1690,13.0,FRUTO FRESCO,PERSEA AMERICANA MILL.,PERMANENTE
5,ANTIOQUIA,5002,ABEJORRAL,FRUTALES,AGUACATE,AGUACATE,AGUACATE,2008,2008,165,105,578,5.5,FRUTO FRESCO,PERSEA AMERICANA MILL.,PERMANENTE
5,ANTIOQUIA,5467,MONTEBELLO,FRUTALES,AGUACATE,AGUACATE,AGUACATE,2008,2008,154,134,1608,12.0,FRUTO FRESCO,PERSEA AMERICANA MILL.,PERMANENTE
5,ANTIOQUIA,5148,CARMEN DE VIBORAL,FRUTALES,AGUACATE,AGUACATE,AGUACATE,2008,2008,150,150,1275,8.5,FRUTO FRESCO,PERSEA AMERICANA MILL.,PERMANENTE
5,ANTIOQUIA,5861,VENECIA,FRUTALES,AGUACATE,AGUACATE,AGUACATE,2008,2008,114,54,648,12.0,FRUTO FRESCO,PERSEA AMERICANA MILL.,PERMANENTE
5,ANTIOQUIA,5045,APARTADO,FRUTALES,AGUACATE,AGUACATE,AGUACATE,2008,2008,110,104,728,7.0,FRUTO FRESCO,PERSEA AMERICANA MILL.,PERMANENTE
5,ANTIOQUIA,5615,RIONEGRO,FRUTALES,AGUACATE,AGUACATE,AGUACATE,2008,2008,90,90,1100,12.22,FRUTO FRESCO,PERSEA AMERICANA MILL.,PERMANENTE
5,ANTIOQUIA,5541,PEÑOL,FRUTALES,AGUACATE,AGUACATE,AGUACATE,2008,2008,86,26,143,5.5,FRUTO FRESCO,PERSEA AMERICANA MILL.,PERMANENTE
5,ANTIOQUIA,5282,FREDONIA,FRUTALES,AGUACATE,AGUACATE,AGUACATE,2008,2008,80,30,360,12.0,FRUTO FRESCO,PERSEA AMERICANA MILL.,PERMANENTE
5,ANTIOQUIA,5664,SAN PEDRO,FRUTALES,AGUACATE,AGUACATE,AGUACATE,2008,2008,79,17,44,2.6,FRUTO FRESCO,PERSEA AMERICANA MILL.,PERMANENTE
5,ANTIOQUIA,5674,SAN VICENTE,FRUTALES,AGUACATE,AGUACATE,AGUACATE,2008,2008,75,5,15,3.0,FRUTO FRESCO,PERSEA AMERICANA MILL.,PERMANENTE
5,ANTIOQUIA,5093,BETULIA,FRUTALES,AGUACATE,AGUACATE,AGUACATE,2008,2008,70,0,0,,FRUTO FRESCO,PERSEA AMERICANA MILL.,PERMANENTE
5,ANTIOQUIA,5440,MARINILLA,FRUTALES,AGUACATE,AGUACATE,AGUACATE,2008,2008,60,40,360,9.0,FRUTO FRESCO,PERSEA AMERICANA MILL.,PERMANENTE
5,ANTIOQUIA,5789,TAMESIS,FRUTALES,AGUACATE,AGUACATE,AGUACATE,2008,2008,60,38,456,12.0,FRUTO FRESCO,PERSEA AMERICANA MILL.,PERMANENTE
5,ANTIOQUIA,5036,ANGELOPOLIS,FRUTALES,AGUACATE,AGUACATE,AGUACATE,2008,2008,58,8,84,10.0,FRUTO FRESCO,PERSEA AMERICANA MILL.,PERMANENTE
5,ANTIOQUIA,5237,DON MATIAS,FRUTALES,AGUACATE,AGUACATE,AGUACATE,2008,2008,53,8,48,6.0,FRUTO FRESCO,PERSEA AMERICANA MILL.,PERMANENTE
5,ANTIOQUIA,5364,JARDIN,FRUTALES,AGUACATE,AGUACATE,AGUACATE,2008,2008,48,16,192,12.0,FRUTO FRESCO,PERSEA AMERICANA MILL.,PERMANENTE
5,ANTIOQUIA,5847,URRAO,FRUTALES,AGUACATE,AGUACATE,AGUACATE,2008,2008,45,38,302,8.0,FRUTO FRESCO,PERSEA AMERICANA MILL.,PERMANENTE
5,ANTIOQUIA,5809,TITIRIBI,FRUTALES,AGUACATE,AGUACATE,AGUACATE,2008,2008,44,0,0,,FRUTO FRESCO,PERSEA AMERICANA MILL.,PERMANENTE
5,ANTIOQUIA,5059,ARMENIA,FRUTALES,AGUACATE,AGUACATE,AGUACATE,2008,2008,41,5,24,4.8,FRUTO FRESCO,PERSEA AMERICANA MILL.,PERMANENTE
5,ANTIOQUIA,5631,SABANETA,FRUTALES,AGUACATE,AGUACATE,AGUACATE,2008,2008,35,0,0,,FRUTO FRESCO,PERSEA AMERICANA MILL.,PERMANENTE
5,ANTIOQUIA,5887,YARUMAL,FRUTALES,AGUACATE,AGUACATE,AGUACATE,2008,2008,33,0,0,,FRUTO FRESCO,PERSEA AMERICANA MILL.,PERMANENTE
5,ANTIOQUIA,5642,SALGAR,FRUTALES,AGUACATE,AGUACATE,AGUACATE,2008,2008,31,9,108,12.0,FRUTO FRESCO,PERSEA AMERICANA MILL.,PERMANENTE
5,ANTIOQUIA,5656,SAN JERONIMO,FRUTALES,AGUACATE,AGUACATE,AGUACATE,2008,2008,26,23,92,4.0,FRUTO FRESCO,PERSEA AMERICANA MILL.,PERMANENTE
5,ANTIOQUIA,5819,TOLEDO,FRUTALES,AGUACATE,AGUACATE,AGUACATE,2008,2008,25,24,108,4.5,FRUTO FRESCO,PERSEA AMERICANA MILL.,PERMANENTE
5,ANTIOQUIA,5842,URAMITA,FRUTALES,AGUACATE,AGUACATE,AGUACATE,2008,2008,25,5,18,3.6,FRUTO FRESCO,PERSEA AMERICANA MILL.,PERMANENTE
5,ANTIOQUIA,5856,VALPARAISO,FRUTALES,AGUACATE,AGUACATE,AGUACATE,2008,2008,20,0,0,,FRUTO FRESCO,PERSEA AMERICANA MILL.,PERMANENTE
5,ANTIOQUIA,5873,VIGIA DEL FUERTE,FRUTALES,AGUACATE,AGUACATE,AGUACATE,2008,2008,20,12,120,10.0,FRUTO FRESCO,PERSEA AMERICANA MILL.,PERMANENTE
5,ANTIOQUIA,5206,CONCEPCION,FRUTALES,AGUACATE,AGUACATE,AGUACATE,2008,2008,19,6,9,1.5,FRUTO FRESCO,PERSEA AMERICANA MILL.,PERMANENTE
5,ANTIOQUIA,5361,ITUANGO,FRUTALES,AGUACATE,AGUACATE,AGUACATE,2008,2008,18,13,130,10.0,FRUTO FRESCO,PERSEA AMERICANA MILL.,PERMANENTE
5,ANTIOQUIA,5209,CONCORDIA,FRUTALES,AGUACATE,AGUACATE,AGUACATE,2008,2008,15,0,0,,FRUTO FRESCO,PERSEA AMERICANA MILL.,PERMANENTE
5,ANTIOQUIA,5792,TARSO,FRUTALES,AGUACATE,AGUACATE,AGUACATE,2008,2008,14,0,0,,FRUTO FRESCO,PERSEA AMERICANA MILL.,PERMANENTE
5,ANTIOQUIA,5145,CARAMANTA,FRUTALES,AGUACATE,AGUACATE,AGUACATE,2008,2008,13,0,0,,FRUTO FRESCO,PERSEA AMERICANA MILL.,PERMANENTE
5,ANTIOQUIA,5034,ANDES,FRUTALES,AGUACATE,AGUACATE,AGUACATE,2008,2008,10,10,54,5.4,FRUTO FRESCO,PERSEA AMERICANA MILL.,PERMANENTE
5,ANTIOQUIA,5001,MEDELLIN,FRUTALES,AGUACATE,AGUACATE,AGUACATE,2008,2008,10,0,0,,FRUTO FRESCO,PERSEA AMERICANA MILL.,PERMANENTE
5,ANTIOQUIA,5591,PUERTO TRIUNFO,FRUTALES,AGUACATE,AGUACATE,AGUACATE,2008,2008,6,6,55,10.0,FRUTO FRESCO,PERSEA AMERICANA MILL.,PERMANENTE
5,ANTIOQUIA,5142,CARACOLI,FRUTALES,AGUACATE,AGUACATE,AGUACATE,2008,2008,5,5,50,10.0,FRUTO FRESCO,PERSEA AMERICANA MILL.,PERMANENTE
5,ANTIOQUIA,5310,GOMEZ PLATA,FRUTALES,AGUACATE,AGUACATE,AGUACATE,2008,2008,5,0,0,,FRUTO FRESCO,PERSEA AMERICANA MILL.,PERMANENTE
5,ANTIOQUIA,5368,JERICO,FRUTALES,AGUACATE,AGUACATE,AGUACATE,2008,2008,5,0,0,,FRUTO FRESCO,PERSEA AMERICANA MILL.,PERMANENTE
5,ANTIOQUIA,5380,LA ESTRELLA,FRUTALES,AGUACATE,AGUACATE,AGUACATE,2008,2008,4,4,20,5.0,FRUTO FRESCO,PERSEA AMERICANA MILL.,PERMANENTE
5,ANTIOQUIA,5091,BETANIA,FRUTALES,AGUACATE,AGUACATE,AGUACATE,2008,2008,3,0,0,,FRUTO FRESCO,PERSEA AMERICANA MILL.,PERMANENTE
5,ANTIOQUIA,5425,MACEO,FRUTALES,AGUACATE,AGUACATE,AGUACATE,2008,2008,3,3,30,10.0,FRUTO FRESCO,PERSEA AMERICANA MILL.,PERMANENTE
5,ANTIOQUIA,5150,CAROLINA,FRUTALES,AGUACATE,AGUACATE,AGUACATE,2008,2008,3,0,0,,FRUTO FRESCO,PERSEA AMERICANA MILL.,PERMANENTE
5,ANTIOQUIA,5628,SABANALARGA,FRUTALES,AGUACATE,AGUACATE,AGUACATE,2008,2008,2,0,0,,FRUTO FRESCO,PERSEA AMERICANA MILL.,PERMANENTE
5,ANTIOQUIA,5607,RETIRO,FRUTALES,AGUACATE,AGUACATE,AGUACATE,2009,2009,687,106,1749,16.5,FRUTO FRESCO,PERSEA AMERICANA MILL.,PERMANENTE
5,ANTIOQUIA,5679,SANTA BARBARA,FRUTALES,AGUACATE,AGUACATE,AGUACATE,2009,2009,395,380,3230,8.5,FRUTO FRESCO,PERSEA AMERICANA MILL.,PERMANENTE
5,ANTIOQUIA,5756,SONSON,FRUTALES,AGUACATE,AGUACATE,AGUACATE,2009,2009,294,120,840,7.0,FRUTO FRESCO,PERSEA AMERICANA MILL.,PERMANENTE
5,ANTIOQUIA,5376,LA CEJA,FRUTALES,AGUACATE,AGUACATE,AGUACATE,2009,2009,286,115,1645,14.3,FRUTO FRESCO,PERSEA AMERICANA MILL.,PERMANENTE
5,ANTIOQUIA,5490,NECOCLI,FRUTALES,AGUACATE,AGUACATE,AGUACATE,2009,2009,280,210,2520,12.0,FRUTO FRESCO,PERSEA AMERICANA MILL.,PERMANENTE
5,ANTIOQUIA,5148,CARMEN DE VIBORAL,FRUTALES,AGUACATE,AGUACATE,AGUACATE,2009,2009,230,150,1275,8.5,FRUTO FRESCO,PERSEA AMERICANA MILL.,PERMANENTE
5,ANTIOQUIA,5837,TURBO,FRUTALES,AGUACATE,AGUACATE,AGUACATE,2009,2009,217,111,1221,11.0,FRUTO FRESCO,PERSEA AMERICANA MILL.,PERMANENTE
5,ANTIOQUIA,5318,GUARNE,FRUTALES,AGUACATE,AGUACATE,AGUACATE,2009,2009,208,140,1820,13.0,FRUTO FRESCO,PERSEA AMERICANA MILL.,PERMANENTE
5,ANTIOQUIA,5045,APARTADO,FRUTALES,AGUACATE,AGUACATE,AGUACATE,2009,2009,180,53,371,7.0,FRUTO FRESCO,PERSEA AMERICANA MILL.,PERMANENTE
5,ANTIOQUIA,5615,RIONEGRO,FRUTALES,AGUACATE,AGUACATE,AGUACATE,2009,2009,180,90,1260,14.0,FRUTO FRESCO,PERSEA AMERICANA MILL.,PERMANENTE
5,ANTIOQUIA,5467,MONTEBELLO,FRUTALES,AGUACATE,AGUACATE,AGUACATE,2009,2009,169,119,1428,12.0,FRUTO FRESCO,PERSEA AMERICANA MILL.,PERMANENTE
5,ANTIOQUIA,5002,ABEJORRAL,FRUTALES,AGUACATE,AGUACATE,AGUACATE,2009,2009,165,105,578,5.5,FRUTO FRESCO,PERSEA AMERICANA MILL.,PERMANENTE
5,ANTIOQUIA,5030,AMAGA,FRUTALES,AGUACATE,AGUACATE,AGUACATE,2009,2009,140,0,0,,FRUTO FRESCO,PERSEA AMERICANA MILL.,PERMANENTE
5,ANTIOQUIA,5541,PEÑOL,FRUTALES,AGUACATE,AGUACATE,AGUACATE,2009,2009,135,75,413,5.5,FRUTO FRESCO,PERSEA AMERICANA MILL.,PERMANENTE
5,ANTIOQUIA,5664,SAN PEDRO,FRUTALES,AGUACATE,AGUACATE,AGUACATE,2009,2009,97,14,70,4.9,FRUTO FRESCO,PERSEA AMERICANA MILL.,PERMANENTE
5,ANTIOQUIA,5861,VENECIA,FRUTALES,AGUACATE,AGUACATE,AGUACATE,2009,2009,94,66,462,7.0,FRUTO FRESCO,PERSEA AMERICANA MILL.,PERMANENTE
5,ANTIOQUIA,5674,SAN VICENTE,FRUTALES,AGUACATE,AGUACATE,AGUACATE,2009,2009,87,5,50,10.0,FRUTO FRESCO,PERSEA AMERICANA MILL.,PERMANENTE
5,ANTIOQUIA,5440,MARINILLA,FRUTALES,AGUACATE,AGUACATE,AGUACATE,2009,2009,80,40,360,9.0,FRUTO FRESCO,PERSEA AMERICANA MILL.,PERMANENTE
5,ANTIOQUIA,5364,JARDIN,FRUTALES,AGUACATE,AGUACATE,AGUACATE,2009,2009,65,30,300,10.0,FRUTO FRESCO,PERSEA AMERICANA MILL.,PERMANENTE
5,ANTIOQUIA,5789,TAMESIS,FRUTALES,AGUACATE,AGUACATE,AGUACATE,2009,2009,65,60,720,12.0,FRUTO FRESCO,PERSEA AMERICANA MILL.,PERMANENTE
5,ANTIOQUIA,5093,BETULIA,FRUTALES,AGUACATE,AGUACATE,AGUACATE,2009,2009,64,0,0,,FRUTO FRESCO,PERSEA AMERICANA MILL.,PERMANENTE
5,ANTIOQUIA,5036,ANGELOPOLIS,FRUTALES,AGUACATE,AGUACATE,AGUACATE,2009,2009,60,49,494,10.0,FRUTO FRESCO,PERSEA AMERICANA MILL.,PERMANENTE
5,ANTIOQUIA,5282,FREDONIA,FRUTALES,AGUACATE,AGUACATE,AGUACATE,2009,2009,59,55,550,10.0,FRUTO FRESCO,PERSEA AMERICANA MILL.,PERMANENTE
5,ANTIOQUIA,5237,DON MATIAS,FRUTALES,AGUACATE,AGUACATE,AGUACATE,2009,2009,58,8,40,5.0,FRUTO FRESCO,PERSEA AMERICANA MILL.,PERMANENTE
5,ANTIOQUIA,5697,SANTUARIO,FRUTALES,AGUACATE,AGUACATE,AGUACATE,2009,2009,55,2,4,2.0,FRUTO FRESCO,PERSEA AMERICANA MILL.,PERMANENTE
5,ANTIOQUIA,5847,URRAO,FRUTALES,AGUACATE,AGUACATE,AGUACATE,2009,2009,45,37,313,8.5,FRUTO FRESCO,PERSEA AMERICANA MILL.,PERMANENTE
5,ANTIOQUIA,5059,ARMENIA,FRUTALES,AGUACATE,AGUACATE,AGUACATE,2009,2009,40,10,45,4.5,FRUTO FRESCO,PERSEA AMERICANA MILL.,PERMANENTE
5,ANTIOQUIA,5145,CARAMANTA,FRUTALES,AGUACATE,AGUACATE,AGUACATE,2009,2009,38,0,0,,FRUTO FRESCO,PERSEA AMERICANA MILL.,PERMANENTE
5,ANTIOQUIA,5631,SABANETA,FRUTALES,AGUACATE,AGUACATE,AGUACATE,2009,2009,35,35,175,5.0,FRUTO FRESCO,PERSEA AMERICANA MILL.,PERMANENTE
5,ANTIOQUIA,5809,TITIRIBI,FRUTALES,AGUACATE,AGUACATE,AGUACATE,2009,2009,33,0,0,,FRUTO FRESCO,PERSEA AMERICANA MILL.,PERMANENTE
5,ANTIOQUIA,5642,SALGAR,FRUTALES,AGUACATE,AGUACATE,AGUACATE,2009,2009,31,12,96,8.0,FRUTO FRESCO,PERSEA AMERICANA MILL.,PERMANENTE
5,ANTIOQUIA,5543,PEQUE,FRUTALES,AGUACATE,AGUACATE,AGUACATE,2009,2009,30,25,75,3.0,FRUTO FRESCO,PERSEA AMERICANA MILL.,PERMANENTE
5,ANTIOQUIA,5887,YARUMAL,FRUTALES,AGUACATE,AGUACATE,AGUACATE,2009,2009,30,0,0,,FRUTO FRESCO,PERSEA AMERICANA MILL.,PERMANENTE
5,ANTIOQUIA,5819,TOLEDO,FRUTALES,AGUACATE,AGUACATE,AGUACATE,2009,2009,25,25,250,10.0,FRUTO FRESCO,PERSEA AMERICANA MILL.,PERMANENTE
5,ANTIOQUIA,5206,CONCEPCION,FRUTALES,AGUACATE,AGUACATE,AGUACATE,2009,2009,24,8,16,2.0,FRUTO FRESCO,PERSEA AMERICANA MILL.,PERMANENTE
5,ANTIOQUIA,5656,SAN JERONIMO,FRUTALES,AGUACATE,AGUACATE,AGUACATE,2009,2009,24,20,85,4.25,FRUTO FRESCO,PERSEA AMERICANA MILL.,PERMANENTE
5,ANTIOQUIA,5856,VALPARAISO,FRUTALES,AGUACATE,AGUACATE,AGUACATE,2009,2009,22,10,80,8.0,FRUTO FRESCO,PERSEA AMERICANA MILL.,PERMANENTE
5,ANTIOQUIA,5873,VIGIA DEL FUERTE,FRUTALES,AGUACATE,AGUACATE,AGUACATE,2009,2009,20,20,120,6.0,FRUTO FRESCO,PERSEA AMERICANA MILL.,PERMANENTE
5,ANTIOQUIA,5842,URAMITA,FRUTALES,AGUACATE,AGUACATE,AGUACATE,2009,2009,19,14,20,1.4,FRUTO FRESCO,PERSEA AMERICANA MILL.,PERMANENTE
5,ANTIOQUIA,5361,ITUANGO,FRUTALES,AGUACATE,AGUACATE,AGUACATE,2009,2009,18,15,140,9.33,FRUTO FRESCO,PERSEA AMERICANA MILL.,PERMANENTE
5,ANTIOQUIA,5792,TARSO,FRUTALES,AGUACATE,AGUACATE,AGUACATE,2009,2009,17,0,0,,FRUTO FRESCO,PERSEA AMERICANA MILL.,PERMANENTE
5,ANTIOQUIA,5368,JERICO,FRUTALES,AGUACATE,AGUACATE,AGUACATE,2009,2009,15,5,40,8.0,FRUTO FRESCO,PERSEA AMERICANA MILL.,PERMANENTE
5,ANTIOQUIA,5001,MEDELLIN,FRUTALES,AGUACATE,AGUACATE,AGUACATE,2009,2009,12,6,36,6.0,FRUTO FRESCO,PERSEA AMERICANA MILL.,PERMANENTE
5,ANTIOQUIA,5034,ANDES,FRUTALES,AGUACATE,AGUACATE,AGUACATE,2009,2009,11,10,50,5.0,FRUTO FRESCO,PERSEA AMERICANA MILL.,PERMANENTE
5,ANTIOQUIA,5649,SAN CARLOS,FRUTALES,AGUACATE,AGUACATE,AGUACATE,2009,2009,8,0,0,,FRUTO FRESCO,PERSEA AMERICANA MILL.,PERMANENTE
5,ANTIOQUIA,5129,CALDAS,FRUTALES,AGUACATE,AGUACATE,AGUACATE,2009,2009,6,0,0,,FRUTO FRESCO,PERSEA AMERICANA MILL.,PERMANENTE
5,ANTIOQUIA,5591,PUERTO TRIUNFO,FRUTALES,AGUACATE,AGUACATE,AGUACATE,2009,2009,6,6,55,10.0,FRUTO FRESCO,PERSEA AMERICANA MILL.,PERMANENTE
5,ANTIOQUIA,5142,CARACOLI,FRUTALES,AGUACATE,AGUACATE,AGUACATE,2009,2009,5,5,50,10.0,FRUTO FRESCO,PERSEA AMERICANA MILL.,PERMANENTE
5,ANTIOQUIA,5310,GOMEZ PLATA,FRUTALES,AGUACATE,AGUACATE,AGUACATE,2009,2009,5,0,0,,FRUTO FRESCO,PERSEA AMERICANA MILL.,PERMANENTE
5,ANTIOQUIA,5380,LA ESTRELLA,FRUTALES,AGUACATE,AGUACATE,AGUACATE,2009,2009,5,4,20,5.0,FRUTO FRESCO,PERSEA AMERICANA MILL.,PERMANENTE
5,ANTIOQUIA,5021,ALEJANDRIA,FRUTALES,AGUACATE,AGUACATE,AGUACATE,2009,2009,4,0,0,,FRUTO FRESCO,PERSEA AMERICANA MILL.,PERMANENTE
5,ANTIOQUIA,5425,MACEO,FRUTALES,AGUACATE,AGUACATE,AGUACATE,2009,2009,4,3,30,10.0,FRUTO FRESCO,PERSEA AMERICANA MILL.,PERMANENTE
5,ANTIOQUIA,5209,CONCORDIA,FRUTALES,AGUACATE,AGUACATE,AGUACATE,2009,2009,4,0,0,,FRUTO FRESCO,PERSEA AMERICANA MILL.,PERMANENTE
5,ANTIOQUIA,5150,CAROLINA,FRUTALES,AGUACATE,AGUACATE,AGUACATE,2009,2009,4,0,0,,FRUTO FRESCO,PERSEA AMERICANA MILL.,PERMANENTE
5,ANTIOQUIA,5091,BETANIA,FRUTALES,AGUACATE,AGUACATE,AGUACATE,2009,2009,3,3,21,7.0,FRUTO FRESCO,PERSEA AMERICANA MILL.,PERMANENTE
5,ANTIOQUIA,5284,FRONTINO,FRUTALES,AGUACATE,AGUACATE,AGUACATE,2009,2009,3,0,0,,FRUTO FRESCO,PERSEA AMERICANA MILL.,PERMANENTE
5,ANTIOQUIA,5628,SABANALARGA,FRUTALES,AGUACATE,AGUACATE,AGUACATE,2009,2009,2,0,0,,FRUTO FRESCO,PERSEA AMERICANA MILL.,PERMANENTE
5,ANTIOQUIA,5607,RETIRO,FRUTALES,AGUACATE,AGUACATE,AGUACATE,2010,2010,732,286,4721,16.5,FRUTO FRESCO,PERSEA AMERICANA MILL.,PERMANENTE
5,ANTIOQUIA,5679,SANTA BARBARA,FRUTALES,AGUACATE,AGUACATE,AGUACATE,2010,2010,699,590,4130,7.0,FRUTO FRESCO,PERSEA AMERICANA MILL.,PERMANENTE
5,ANTIOQUIA,5756,SONSON,FRUTALES,AGUACATE,AGUACATE,AGUACATE,2010,2010,362,152,1824,12.0,FRUTO FRESCO,PERSEA AMERICANA MILL.,PERMANENTE
5,ANTIOQUIA,5148,CARMEN DE VIBORAL,FRUTALES,AGUACATE,AGUACATE,AGUACATE,2010,2010,350,190,1615,8.5,FRUTO FRESCO,PERSEA AMERICANA MILL.,PERMANENTE
5,ANTIOQUIA,5318,GUARNE,FRUTALES,AGUACATE,AGUACATE,AGUACATE,2010,2010,311,148,1924,13.0,FRUTO FRESCO,PERSEA AMERICANA MILL.,PERMANENTE
5,ANTIOQUIA,5490,NECOCLI,FRUTALES,AGUACATE,AGUACATE,AGUACATE,2010,2010,295,225,2700,12.0,FRUTO FRESCO,PERSEA AMERICANA MILL.,PERMANENTE
5,ANTIOQUIA,5837,TURBO,FRUTALES,AGUACATE,AGUACATE,AGUACATE,2010,2010,235,109,1199,11.0,FRUTO FRESCO,PERSEA AMERICANA MILL.,PERMANENTE
5,ANTIOQUIA,5045,APARTADO,FRUTALES,AGUACATE,AGUACATE,AGUACATE,2010,2010,229,130,910,7.0,FRUTO FRESCO,PERSEA AMERICANA MILL.,PERMANENTE
5,ANTIOQUIA,5467,MONTEBELLO,FRUTALES,AGUACATE,AGUACATE,AGUACATE,2010,2010,189,114,1368,12.0,FRUTO FRESCO,PERSEA AMERICANA MILL.,PERMANENTE
5,ANTIOQUIA,5541,PEÑOL,FRUTALES,AGUACATE,AGUACATE,AGUACATE,2010,2010,189,44,242,5.5,FRUTO FRESCO,PERSEA AMERICANA MILL.,PERMANENTE
5,ANTIOQUIA,5615,RIONEGRO,FRUTALES,AGUACATE,AGUACATE,AGUACATE,2010,2010,180,90,1260,14.0,FRUTO FRESCO,PERSEA AMERICANA MILL.,PERMANENTE
5,ANTIOQUIA,5002,ABEJORRAL,FRUTALES,AGUACATE,AGUACATE,AGUACATE,2010,2010,170,105,578,5.5,FRUTO FRESCO,PERSEA AMERICANA MILL.,PERMANENTE
5,ANTIOQUIA,5030,AMAGA,FRUTALES,AGUACATE,AGUACATE,AGUACATE,2010,2010,137,40,200,5.0,FRUTO FRESCO,PERSEA AMERICANA MILL.,PERMANENTE
5,ANTIOQUIA,5664,SAN PEDRO,FRUTALES,AGUACATE,AGUACATE,AGUACATE,2010,2010,111,26,286,11.0,FRUTO FRESCO,PERSEA AMERICANA MILL.,PERMANENTE
5,ANTIOQUIA,5440,MARINILLA,FRUTALES,AGUACATE,AGUACATE,AGUACATE,2010,2010,110,80,720,9.0,FRUTO FRESCO,PERSEA AMERICANA MILL.,PERMANENTE
5,ANTIOQUIA,5376,LA CEJA,FRUTALES,AGUACATE,AGUACATE,AGUACATE,2010,2010,107,62,899,14.5,FRUTO FRESCO,PERSEA AMERICANA MILL.,PERMANENTE
5,ANTIOQUIA,5674,SAN VICENTE,FRUTALES,AGUACATE,AGUACATE,AGUACATE,2010,2010,87,5,50,10.0,FRUTO FRESCO,PERSEA AMERICANA MILL.,PERMANENTE
5,ANTIOQUIA,5887,YARUMAL,FRUTALES,AGUACATE,AGUACATE,AGUACATE,2010,2010,80,0,0,,FRUTO FRESCO,PERSEA AMERICANA MILL.,PERMANENTE
5,ANTIOQUIA,5861,VENECIA,FRUTALES,AGUACATE,AGUACATE,AGUACATE,2010,2010,75,60,417,7.0,FRUTO FRESCO,PERSEA AMERICANA MILL.,PERMANENTE
5,ANTIOQUIA,5847,URRAO,FRUTALES,AGUACATE,AGUACATE,AGUACATE,2010,2010,74,24,312,13.0,FRUTO FRESCO,PERSEA AMERICANA MILL.,PERMANENTE
5,ANTIOQUIA,5364,JARDIN,FRUTALES,AGUACATE,AGUACATE,AGUACATE,2010,2010,71,40,480,12.0,FRUTO FRESCO,PERSEA AMERICANA MILL.,PERMANENTE
5,ANTIOQUIA,5789,TAMESIS,FRUTALES,AGUACATE,AGUACATE,AGUACATE,2010,2010,65,60,720,12.0,FRUTO FRESCO,PERSEA AMERICANA MILL.,PERMANENTE
5,ANTIOQUIA,5237,DON MATIAS,FRUTALES,AGUACATE,AGUACATE,AGUACATE,2010,2010,60,9,54,6.0,FRUTO FRESCO,PERSEA AMERICANA MILL.,PERMANENTE
5,ANTIOQUIA,5282,FREDONIA,FRUTALES,AGUACATE,AGUACATE,AGUACATE,2010,2010,60,54,648,12.0,FRUTO FRESCO,PERSEA AMERICANA MILL.,PERMANENTE
5,ANTIOQUIA,5368,JERICO,FRUTALES,AGUACATE,AGUACATE,AGUACATE,2010,2010,55,5,27,6.0,FRUTO FRESCO,PERSEA AMERICANA MILL.,PERMANENTE
5,ANTIOQUIA,5697,SANTUARIO,FRUTALES,AGUACATE,AGUACATE,AGUACATE,2010,2010,55,4,28,7.0,FRUTO FRESCO,PERSEA AMERICANA MILL.,PERMANENTE
5,ANTIOQUIA,5206,CONCEPCION,FRUTALES,AGUACATE,AGUACATE,AGUACATE,2010,2010,52,20,60,3.0,FRUTO FRESCO,PERSEA AMERICANA MILL.,PERMANENTE
5,ANTIOQUIA,5093,BETULIA,FRUTALES,AGUACATE,AGUACATE,AGUACATE,2010,2010,49,0,0,,FRUTO FRESCO,PERSEA AMERICANA MILL.,PERMANENTE
5,ANTIOQUIA,5145,CARAMANTA,FRUTALES,AGUACATE,AGUACATE,AGUACATE,2010,2010,38,0,0,,FRUTO FRESCO,PERSEA AMERICANA MILL.,PERMANENTE
5,ANTIOQUIA,5543,PEQUE,FRUTALES,AGUACATE,AGUACATE,AGUACATE,2010,2010,38,25,63,2.5,FRUTO FRESCO,PERSEA AMERICANA MILL.,PERMANENTE
5,ANTIOQUIA,5059,ARMENIA,FRUTALES,AGUACATE,AGUACATE,AGUACATE,2010,2010,36,10,35,3.5,FRUTO FRESCO,PERSEA AMERICANA MILL.,PERMANENTE
5,ANTIOQUIA,5036,ANGELOPOLIS,FRUTALES,AGUACATE,AGUACATE,AGUACATE,2010,2010,34,26,260,10.0,FRUTO FRESCO,PERSEA AMERICANA MILL.,PERMANENTE
5,ANTIOQUIA,5809,TITIRIBI,FRUTALES,AGUACATE,AGUACATE,AGUACATE,2010,2010,32,0,0,,FRUTO FRESCO,PERSEA AMERICANA MILL.,PERMANENTE
5,ANTIOQUIA,5642,SALGAR,FRUTALES,AGUACATE,AGUACATE,AGUACATE,2010,2010,31,12,115,9.6,FRUTO FRESCO,PERSEA AMERICANA MILL.,PERMANENTE
5,ANTIOQUIA,5631,SABANETA,FRUTALES,AGUACATE,AGUACATE,AGUACATE,2010,2010,28,28,140,5.0,FRUTO FRESCO,PERSEA AMERICANA MILL.,PERMANENTE
5,ANTIOQUIA,5819,TOLEDO,FRUTALES,AGUACATE,AGUACATE,AGUACATE,2010,2010,26,25,113,4.5,FRUTO FRESCO,PERSEA AMERICANA MILL.,PERMANENTE
5,ANTIOQUIA,5856,VALPARAISO,FRUTALES,AGUACATE,AGUACATE,AGUACATE,2010,2010,22,18,144,8.0,FRUTO FRESCO,PERSEA AMERICANA MILL.,PERMANENTE
5,ANTIOQUIA,5873,VIGIA DEL FUERTE,FRUTALES,AGUACATE,AGUACATE,AGUACATE,2010,2010,20,20,240,12.0,FRUTO FRESCO,PERSEA AMERICANA MILL.,PERMANENTE
5,ANTIOQUIA,5842,URAMITA,FRUTALES,AGUACATE,AGUACATE,AGUACATE,2010,2010,19,14,20,1.4,FRUTO FRESCO,PERSEA AMERICANA MILL.,PERMANENTE
5,ANTIOQUIA,5792,TARSO,FRUTALES,AGUACATE,AGUACATE,AGUACATE,2010,2010,17,14,29,2.0,FRUTO FRESCO,PERSEA AMERICANA MILL.,PERMANENTE
5,ANTIOQUIA,5001,MEDELLIN,FRUTALES,AGUACATE,AGUACATE,AGUACATE,2010,2010,16,10,60,6.0,FRUTO FRESCO,PERSEA AMERICANA MILL.,PERMANENTE
5,ANTIOQUIA,5034,ANDES,FRUTALES,AGUACATE,AGUACATE,AGUACATE,2010,2010,11,11,55,5.0,FRUTO FRESCO,PERSEA AMERICANA MILL.,PERMANENTE
5,ANTIOQUIA,5649,SAN CARLOS,FRUTALES,AGUACATE,AGUACATE,AGUACATE,2010,2010,11,5,75,15.0,FRUTO FRESCO,PERSEA AMERICANA MILL.,PERMANENTE
5,ANTIOQUIA,5628,SABANALARGA,FRUTALES,AGUACATE,AGUACATE,AGUACATE,2010,2010,7,2,2,1.18,FRUTO FRESCO,PERSEA AMERICANA MILL.,PERMANENTE
5,ANTIOQUIA,5044,ANZA,FRUTALES,AGUACATE,AGUACATE,AGUACATE,2010,2010,6,0,0,,FRUTO FRESCO,PERSEA AMERICANA MILL.,PERMANENTE
5,ANTIOQUIA,5129,CALDAS,FRUTALES,AGUACATE,AGUACATE,AGUACATE,2010,2010,6,0,0,,FRUTO FRESCO,PERSEA AMERICANA MILL.,PERMANENTE
5,ANTIOQUIA,5142,CARACOLI,FRUTALES,AGUACATE,AGUACATE,AGUACATE,2010,2010,5,5,40,8.0,FRUTO FRESCO,PERSEA AMERICANA MILL.,PERMANENTE
5,ANTIOQUIA,5380,LA ESTRELLA,FRUTALES,AGUACATE,AGUACATE,AGUACATE,2010,2010,5,4,20,5.0,FRUTO FRESCO,PERSEA AMERICANA MILL.,PERMANENTE
5,ANTIOQUIA,5501,OLAYA,FRUTALES,AGUACATE,AGUACATE,AGUACATE,2010,2010,5,0,0,,FRUTO FRESCO,PERSEA AMERICANA MILL.,PERMANENTE
5,ANTIOQUIA,5042,SANTAFE DE ANTIOQUIA,FRUTALES,AGUACATE,AGUACATE,AGUACATE,2010,2010,5,0,0,,FRUTO FRESCO,PERSEA AMERICANA MILL.,PERMANENTE
5,ANTIOQUIA,5021,ALEJANDRIA,FRUTALES,AGUACATE,AGUACATE,AGUACATE,2010,2010,4,0,0,,FRUTO FRESCO,PERSEA AMERICANA MILL.,PERMANENTE
5,ANTIOQUIA,5091,BETANIA,FRUTALES,AGUACATE,AGUACATE,AGUACATE,2010,2010,3,3,21,7.0,FRUTO FRESCO,PERSEA AMERICANA MILL.,PERMANENTE
5,ANTIOQUIA,5209,CONCORDIA,FRUTALES,AGUACATE,AGUACATE,AGUACATE,2010,2010,3,3,15,5.0,FRUTO FRESCO,PERSEA AMERICANA MILL.,PERMANENTE
5,ANTIOQUIA,5284,FRONTINO,FRUTALES,AGUACATE,AGUACATE,AGUACATE,2010,2010,3,1,3,3.0,FRUTO FRESCO,PERSEA AMERICANA MILL.,PERMANENTE
5,ANTIOQUIA,5761,SOPETRAN,FRUTALES,AGUACATE,AGUACATE,AGUACATE,2010,2010,3,0,0,,FRUTO FRESCO,PERSEA AMERICANA MILL.,PERMANENTE
5,ANTIOQUIA,5086,BELMIRA,FRUTALES,AGUACATE,AGUACATE,AGUACATE,2010,2010,3,0,0,,FRUTO FRESCO,PERSEA AMERICANA MILL.,PERMANENTE
5,ANTIOQUIA,5647,SAN ANDRES,FRUTALES,AGUACATE,AGUACATE,AGUACATE,2010,2010,2,0,0,,FRUTO FRESCO,PERSEA AMERICANA MILL.,PERMANENTE
5,ANTIOQUIA,5607,RETIRO,FRUTALES,AGUACATE,AGUACATE,AGUACATE,2011,2011,757,281,4350,15.47,FRUTO FRESCO,PERSEA AMERICANA MILL.,PERMANENTE
5,ANTIOQUIA,5679,SANTA BARBARA,FRUTALES,AGUACATE,AGUACATE,AGUACATE,2011,2011,705,405,4000,9.88,FRUTO FRESCO,PERSEA AMERICANA MILL.,PERMANENTE
5,ANTIOQUIA,5756,SONSON,FRUTALES,AGUACATE,AGUACATE,AGUACATE,2011,2011,454,224,2360,10.54,FRUTO FRESCO,PERSEA AMERICANA MILL.,PERMANENTE
5,ANTIOQUIA,5148,CARMEN DE VIBORAL,FRUTALES,AGUACATE,AGUACATE,AGUACATE,2011,2011,370,195,1560,8.0,FRUTO FRESCO,PERSEA AMERICANA MILL.,PERMANENTE
5,ANTIOQUIA,5318,GUARNE,FRUTALES,AGUACATE,AGUACATE,AGUACATE,2011,2011,330,162,1808,11.16,FRUTO FRESCO,PERSEA AMERICANA MILL.,PERMANENTE
5,ANTIOQUIA,5490,NECOCLI,FRUTALES,AGUACATE,AGUACATE,AGUACATE,2011,2011,273,231,2310,10.0,FRUTO FRESCO,PERSEA AMERICANA MILL.,PERMANENTE
5,ANTIOQUIA,5541,PEÑOL,FRUTALES,AGUACATE,AGUACATE,AGUACATE,2011,2011,264,125,750,6.0,FRUTO FRESCO,PERSEA AMERICANA MILL.,PERMANENTE
5,ANTIOQUIA,5837,TURBO,FRUTALES,AGUACATE,AGUACATE,AGUACATE,2011,2011,248,106,1060,10.0,FRUTO FRESCO,PERSEA AMERICANA MILL.,PERMANENTE
5,ANTIOQUIA,5002,ABEJORRAL,FRUTALES,AGUACATE,AGUACATE,AGUACATE,2011,2011,239,104,208,2.0,FRUTO FRESCO,PERSEA AMERICANA MILL.,PERMANENTE
5,ANTIOQUIA,5467,MONTEBELLO,FRUTALES,AGUACATE,AGUACATE,AGUACATE,2011,2011,209,119,714,6.0,FRUTO FRESCO,PERSEA AMERICANA MILL.,PERMANENTE
5,ANTIOQUIA,5045,APARTADO,FRUTALES,AGUACATE,AGUACATE,AGUACATE,2011,2011,206,98,980,10.0,FRUTO FRESCO,PERSEA AMERICANA MILL.,PERMANENTE
5,ANTIOQUIA,5615,RIONEGRO,FRUTALES,AGUACATE,AGUACATE,AGUACATE,2011,2011,200,200,1500,7.5,FRUTO FRESCO,PERSEA AMERICANA MILL.,PERMANENTE
5,ANTIOQUIA,5440,MARINILLA,FRUTALES,AGUACATE,AGUACATE,AGUACATE,2011,2011,140,80,820,10.25,FRUTO FRESCO,PERSEA AMERICANA MILL.,PERMANENTE
5,ANTIOQUIA,5376,LA CEJA,FRUTALES,AGUACATE,AGUACATE,AGUACATE,2011,2011,133,85,1360,16.0,FRUTO FRESCO,PERSEA AMERICANA MILL.,PERMANENTE
5,ANTIOQUIA,5030,AMAGA,FRUTALES,AGUACATE,AGUACATE,AGUACATE,2011,2011,132,132,660,5.0,FRUTO FRESCO,PERSEA AMERICANA MILL.,PERMANENTE
5,ANTIOQUIA,5664,SAN PEDRO,FRUTALES,AGUACATE,AGUACATE,AGUACATE,2011,2011,103,13,130,10.0,FRUTO FRESCO,PERSEA AMERICANA MILL.,PERMANENTE
5,ANTIOQUIA,5368,JERICO,FRUTALES,AGUACATE,AGUACATE,AGUACATE,2011,2011,100,5,30,6.0,FRUTO FRESCO,PERSEA AMERICANA MILL.,PERMANENTE
5,ANTIOQUIA,5364,JARDIN,FRUTALES,AGUACATE,AGUACATE,AGUACATE,2011,2011,97,61,305,5.0,FRUTO FRESCO,PERSEA AMERICANA MILL.,PERMANENTE
5,ANTIOQUIA,5674,SAN VICENTE,FRUTALES,AGUACATE,AGUACATE,AGUACATE,2011,2011,97,45,450,10.0,FRUTO FRESCO,PERSEA AMERICANA MILL.,PERMANENTE
5,ANTIOQUIA,5847,URRAO,FRUTALES,AGUACATE,AGUACATE,AGUACATE,2011,2011,79,23,184,8.0,FRUTO FRESCO,PERSEA AMERICANA MILL.,PERMANENTE
5,ANTIOQUIA,5206,CONCEPCION,FRUTALES,AGUACATE,AGUACATE,AGUACATE,2011,2011,77,22,132,6.0,FRUTO FRESCO,PERSEA AMERICANA MILL.,PERMANENTE
5,ANTIOQUIA,5697,SANTUARIO,FRUTALES,AGUACATE,AGUACATE,AGUACATE,2011,2011,67,6,42,7.0,FRUTO FRESCO,PERSEA AMERICANA MILL.,PERMANENTE
5,ANTIOQUIA,5887,YARUMAL,FRUTALES,AGUACATE,AGUACATE,AGUACATE,2011,2011,66,2,16,8.0,FRUTO FRESCO,PERSEA AMERICANA MILL.,PERMANENTE
5,ANTIOQUIA,5789,TAMESIS,FRUTALES,AGUACATE,AGUACATE,AGUACATE,2011,2011,60,58,248,4.26,FRUTO FRESCO,PERSEA AMERICANA MILL.,PERMANENTE
5,ANTIOQUIA,5237,DON MATIAS,FRUTALES,AGUACATE,AGUACATE,AGUACATE,2011,2011,60,11,66,6.0,FRUTO FRESCO,PERSEA AMERICANA MILL.,PERMANENTE
5,ANTIOQUIA,5861,VENECIA,FRUTALES,AGUACATE,AGUACATE,AGUACATE,2011,2011,56,55,330,6.0,FRUTO FRESCO,PERSEA AMERICANA MILL.,PERMANENTE
5,ANTIOQUIA,5282,FREDONIA,FRUTALES,AGUACATE,AGUACATE,AGUACATE,2011,2011,49,47,165,3.5,FRUTO FRESCO,PERSEA AMERICANA MILL.,PERMANENTE
5,ANTIOQUIA,5543,PEQUE,FRUTALES,AGUACATE,AGUACATE,AGUACATE,2011,2011,42,25,63,2.5,FRUTO FRESCO,PERSEA AMERICANA MILL.,PERMANENTE
5,ANTIOQUIA,5411,LIBORINA,FRUTALES,AGUACATE,AGUACATE,AGUACATE,2011,2011,40,0,0,,FRUTO FRESCO,PERSEA AMERICANA MILL.,PERMANENTE
5,ANTIOQUIA,5145,CARAMANTA,FRUTALES,AGUACATE,AGUACATE,AGUACATE,2011,2011,38,5,15,3.0,FRUTO FRESCO,PERSEA AMERICANA MILL.,PERMANENTE
5,ANTIOQUIA,5792,TARSO,FRUTALES,AGUACATE,AGUACATE,AGUACATE,2011,2011,37,14,58,4.0,FRUTO FRESCO,PERSEA AMERICANA MILL.,PERMANENTE
5,ANTIOQUIA,5059,ARMENIA,FRUTALES,AGUACATE,AGUACATE,AGUACATE,2011,2011,35,15,50,3.33,FRUTO FRESCO,PERSEA AMERICANA MILL.,PERMANENTE
5,ANTIOQUIA,5036,ANGELOPOLIS,FRUTALES,AGUACATE,AGUACATE,AGUACATE,2011,2011,34,25,346,13.84,FRUTO FRESCO,PERSEA AMERICANA MILL.,PERMANENTE
5,ANTIOQUIA,5093,BETULIA,FRUTALES,AGUACATE,AGUACATE,AGUACATE,2011,2011,34,24,72,3.0,FRUTO FRESCO,PERSEA AMERICANA MILL.,PERMANENTE
5,ANTIOQUIA,5642,SALGAR,FRUTALES,AGUACATE,AGUACATE,AGUACATE,2011,2011,31,12,100,8.33,FRUTO FRESCO,PERSEA AMERICANA MILL.,PERMANENTE
5,ANTIOQUIA,5631,SABANETA,FRUTALES,AGUACATE,AGUACATE,AGUACATE,2011,2011,28,28,140,5.0,FRUTO FRESCO,PERSEA AMERICANA MILL.,PERMANENTE
5,ANTIOQUIA,5819,TOLEDO,FRUTALES,AGUACATE,AGUACATE,AGUACATE,2011,2011,26,22,66,3.0,FRUTO FRESCO,PERSEA AMERICANA MILL.,PERMANENTE
5,ANTIOQUIA,5483,NARIÑO,FRUTALES,AGUACATE,AGUACATE,AGUACATE,2011,2011,24,9,54,6.0,FRUTO FRESCO,PERSEA AMERICANA MILL.,PERMANENTE
5,ANTIOQUIA,5284,FRONTINO,FRUTALES,AGUACATE,AGUACATE,AGUACATE,2011,2011,23,3,3,1.0,FRUTO FRESCO,PERSEA AMERICANA MILL.,PERMANENTE
5,ANTIOQUIA,5856,VALPARAISO,FRUTALES,AGUACATE,AGUACATE,AGUACATE,2011,2011,22,18,144,8.0,FRUTO FRESCO,PERSEA AMERICANA MILL.,PERMANENTE
5,ANTIOQUIA,5125,CAICEDO,FRUTALES,AGUACATE,AGUACATE,AGUACATE,2011,2011,20,0,0,,FRUTO FRESCO,PERSEA AMERICANA MILL.,PERMANENTE
5,ANTIOQUIA,5313,GRANADA,FRUTALES,AGUACATE,AGUACATE,AGUACATE,2011,2011,20,0,0,,FRUTO FRESCO,PERSEA AMERICANA MILL.,PERMANENTE
5,ANTIOQUIA,5361,ITUANGO,FRUTALES,AGUACATE,AGUACATE,AGUACATE,2011,2011,20,0,0,,FRUTO FRESCO,PERSEA AMERICANA MILL.,PERMANENTE
5,ANTIOQUIA,5656,SAN JERONIMO,FRUTALES,AGUACATE,AGUACATE,AGUACATE,2011,2011,20,15,60,4.0,FRUTO FRESCO,PERSEA AMERICANA MILL.,PERMANENTE
5,ANTIOQUIA,5809,TITIRIBI,FRUTALES,AGUACATE,AGUACATE,AGUACATE,2011,2011,20,10,80,8.0,FRUTO FRESCO,PERSEA AMERICANA MILL.,PERMANENTE
5,ANTIOQUIA,5873,VIGIA DEL FUERTE,FRUTALES,AGUACATE,AGUACATE,AGUACATE,2011,2011,20,18,220,12.22,FRUTO FRESCO,PERSEA AMERICANA MILL.,PERMANENTE
5,ANTIOQUIA,5001,MEDELLIN,FRUTALES,AGUACATE,AGUACATE,AGUACATE,2011,2011,19,16,96,6.0,FRUTO FRESCO,PERSEA AMERICANA MILL.,PERMANENTE
5,ANTIOQUIA,5034,ANDES,FRUTALES,AGUACATE,AGUACATE,AGUACATE,2011,2011,16,11,55,5.0,FRUTO FRESCO,PERSEA AMERICANA MILL.,PERMANENTE
5,ANTIOQUIA,5649,SAN CARLOS,FRUTALES,AGUACATE,AGUACATE,AGUACATE,2011,2011,16,5,15,3.0,FRUTO FRESCO,PERSEA AMERICANA MILL.,PERMANENTE
5,ANTIOQUIA,5142,CARACOLI,FRUTALES,AGUACATE,AGUACATE,AGUACATE,2011,2011,15,1,4,8.0,FRUTO FRESCO,PERSEA AMERICANA MILL.,PERMANENTE
5,ANTIOQUIA,5004,ABRIAQUI,FRUTALES,AGUACATE,AGUACATE,AGUACATE,2011,2011,12,0,0,,FRUTO FRESCO,PERSEA AMERICANA MILL.,PERMANENTE
5,ANTIOQUIA,5129,CALDAS,FRUTALES,AGUACATE,AGUACATE,AGUACATE,2011,2011,12,0,0,,FRUTO FRESCO,PERSEA AMERICANA MILL.,PERMANENTE
5,ANTIOQUIA,5842,URAMITA,FRUTALES,AGUACATE,AGUACATE,AGUACATE,2011,2011,11,8,10,1.33,FRUTO FRESCO,PERSEA AMERICANA MILL.,PERMANENTE
5,ANTIOQUIA,5264,ENTRERRIOS,FRUTALES,AGUACATE,AGUACATE,AGUACATE,2011,2011,10,0,0,,FRUTO FRESCO,PERSEA AMERICANA MILL.,PERMANENTE
5,ANTIOQUIA,5628,SABANALARGA,FRUTALES,AGUACATE,AGUACATE,AGUACATE,2011,2011,7,5,8,1.76,FRUTO FRESCO,PERSEA AMERICANA MILL.,PERMANENTE
5,ANTIOQUIA,5044,ANZA,FRUTALES,AGUACATE,AGUACATE,AGUACATE,2011,2011,7,0,0,,FRUTO FRESCO,PERSEA AMERICANA MILL.,PERMANENTE
5,ANTIOQUIA,5021,ALEJANDRIA,FRUTALES,AGUACATE,AGUACATE,AGUACATE,2011,2011,6,0,0,,FRUTO FRESCO,PERSEA AMERICANA MILL.,PERMANENTE
5,ANTIOQUIA,5501,OLAYA,FRUTALES,AGUACATE,AGUACATE,AGUACATE,2011,2011,6,0,0,,FRUTO FRESCO,PERSEA AMERICANA MILL.,PERMANENTE
5,ANTIOQUIA,5761,SOPETRAN,FRUTALES,AGUACATE,AGUACATE,AGUACATE,2011,2011,6,0,0,,FRUTO FRESCO,PERSEA AMERICANA MILL.,PERMANENTE
5,ANTIOQUIA,5091,BETANIA,FRUTALES,AGUACATE,AGUACATE,AGUACATE,2011,2011,5,4,22,5.5,FRUTO FRESCO,PERSEA AMERICANA MILL.,PERMANENTE
5,ANTIOQUIA,5150,CAROLINA,FRUTALES,AGUACATE,AGUACATE,AGUACATE,2011,2011,5,0,0,,FRUTO FRESCO,PERSEA AMERICANA MILL.,PERMANENTE
5,ANTIOQUIA,5310,GOMEZ PLATA,FRUTALES,AGUACATE,AGUACATE,AGUACATE,2011,2011,5,1,2,2.0,FRUTO FRESCO,PERSEA AMERICANA MILL.,PERMANENTE
5,ANTIOQUIA,5380,LA ESTRELLA,FRUTALES,AGUACATE,AGUACATE,AGUACATE,2011,2011,5,5,25,5.0,FRUTO FRESCO,PERSEA AMERICANA MILL.,PERMANENTE
5,ANTIOQUIA,5042,SANTAFE DE ANTIOQUIA,FRUTALES,AGUACATE,AGUACATE,AGUACATE,2011,2011,5,0,0,,FRUTO FRESCO,PERSEA AMERICANA MILL.,PERMANENTE
5,ANTIOQUIA,5209,CONCORDIA,FRUTALES,AGUACATE,AGUACATE,AGUACATE,2011,2011,3,3,12,4.0,FRUTO FRESCO,PERSEA AMERICANA MILL.,PERMANENTE
5,ANTIOQUIA,5086,BELMIRA,FRUTALES,AGUACATE,AGUACATE,AGUACATE,2011,2011,3,0,0,,FRUTO FRESCO,PERSEA AMERICANA MILL.,PERMANENTE
5,ANTIOQUIA,5647,SAN ANDRES,FRUTALES,AGUACATE,AGUACATE,AGUACATE,2011,2011,2,0,0,,FRUTO FRESCO,PERSEA AMERICANA MILL.,PERMANENTE
5,ANTIOQUIA,5607,RETIRO,FRUTALES,AGUACATE,AGUACATE,AGUACATE,2012,2012,760,210,4200,20.0,FRUTO FRESCO,PERSEA AMERICANA MILL.,PERMANENTE
5,ANTIOQUIA,5679,SANTA BARBARA,FRUTALES,AGUACATE,AGUACATE,AGUACATE,2012,2012,699,699,4893,7.0,FRUTO FRESCO,PERSEA AMERICANA MILL.,PERMANENTE
5,ANTIOQUIA,5756,SONSON,FRUTALES,AGUACATE,AGUACATE,AGUACATE,2012,2012,489,304,3344,11.0,FRUTO FRESCO,PERSEA AMERICANA MILL.,PERMANENTE
5,ANTIOQUIA,5837,TURBO,FRUTALES,AGUACATE,AGUACATE,AGUACATE,2012,2012,434,254,2540,10.0,FRUTO FRESCO,PERSEA AMERICANA MILL.,PERMANENTE
5,ANTIOQUIA,5002,ABEJORRAL,FRUTALES,AGUACATE,AGUACATE,AGUACATE,2012,2012,399,235,2350,10.0,FRUTO FRESCO,PERSEA AMERICANA MILL.,PERMANENTE
5,ANTIOQUIA,5541,PEÑOL,FRUTALES,AGUACATE,AGUACATE,AGUACATE,2012,2012,356,167,1002,6.0,FRUTO FRESCO,PERSEA AMERICANA MILL.,PERMANENTE
5,ANTIOQUIA,5148,CARMEN DE VIBORAL,FRUTALES,AGUACATE,AGUACATE,AGUACATE,2012,2012,355,235,1880,8.0,FRUTO FRESCO,PERSEA AMERICANA MILL.,PERMANENTE
5,ANTIOQUIA,5318,GUARNE,FRUTALES,AGUACATE,AGUACATE,AGUACATE,2012,2012,333,145,2320,16.0,FRUTO FRESCO,PERSEA AMERICANA MILL.,PERMANENTE
5,ANTIOQUIA,5490,NECOCLI,FRUTALES,AGUACATE,AGUACATE,AGUACATE,2012,2012,261,235,2350,10.0,FRUTO FRESCO,PERSEA AMERICANA MILL.,PERMANENTE
5,ANTIOQUIA,5045,APARTADO,FRUTALES,AGUACATE,AGUACATE,AGUACATE,2012,2012,238,127,2156,17.0,FRUTO FRESCO,PERSEA AMERICANA MILL.,PERMANENTE
5,ANTIOQUIA,5847,URRAO,FRUTALES,AGUACATE,AGUACATE,AGUACATE,2012,2012,218,78,624,8.0,FRUTO FRESCO,PERSEA AMERICANA MILL.,PERMANENTE
5,ANTIOQUIA,5615,RIONEGRO,FRUTALES,AGUACATE,AGUACATE,AGUACATE,2012,2012,210,200,1400,7.0,FRUTO FRESCO,PERSEA AMERICANA MILL.,PERMANENTE
5,ANTIOQUIA,5467,MONTEBELLO,FRUTALES,AGUACATE,AGUACATE,AGUACATE,2012,2012,208,115,690,6.0,FRUTO FRESCO,PERSEA AMERICANA MILL.,PERMANENTE
5,ANTIOQUIA,5368,JERICO,FRUTALES,AGUACATE,AGUACATE,AGUACATE,2012,2012,190,55,330,6.0,FRUTO FRESCO,PERSEA AMERICANA MILL.,PERMANENTE
5,ANTIOQUIA,5440,MARINILLA,FRUTALES,AGUACATE,AGUACATE,AGUACATE,2012,2012,150,80,1024,12.8,FRUTO FRESCO,PERSEA AMERICANA MILL.,PERMANENTE
5,ANTIOQUIA,5674,SAN VICENTE,FRUTALES,AGUACATE,AGUACATE,AGUACATE,2012,2012,149,87,870,10.0,FRUTO FRESCO,PERSEA AMERICANA MILL.,PERMANENTE
5,ANTIOQUIA,5030,AMAGA,FRUTALES,AGUACATE,AGUACATE,AGUACATE,2012,2012,132,132,871,6.6,FRUTO FRESCO,PERSEA AMERICANA MILL.,PERMANENTE
5,ANTIOQUIA,5664,SAN PEDRO,FRUTALES,AGUACATE,AGUACATE,AGUACATE,2012,2012,101,19,152,8.0,FRUTO FRESCO,PERSEA AMERICANA MILL.,PERMANENTE
5,ANTIOQUIA,5364,JARDIN,FRUTALES,AGUACATE,AGUACATE,AGUACATE,2012,2012,93,78,936,12.0,FRUTO FRESCO,PERSEA AMERICANA MILL.,PERMANENTE
5,ANTIOQUIA,5697,SANTUARIO,FRUTALES,AGUACATE,AGUACATE,AGUACATE,2012,2012,79,3,15,5.0,FRUTO FRESCO,PERSEA AMERICANA MILL.,PERMANENTE
5,ANTIOQUIA,5206,CONCEPCION,FRUTALES,AGUACATE,AGUACATE,AGUACATE,2012,2012,74,28,168,6.0,FRUTO FRESCO,PERSEA AMERICANA MILL.,PERMANENTE
5,ANTIOQUIA,5887,YARUMAL,FRUTALES,AGUACATE,AGUACATE,AGUACATE,2012,2012,67,2,16,8.0,FRUTO FRESCO,PERSEA AMERICANA MILL.,PERMANENTE
5,ANTIOQUIA,5789,TAMESIS,FRUTALES,AGUACATE,AGUACATE,AGUACATE,2012,2012,60,58,248,4.26,FRUTO FRESCO,PERSEA AMERICANA MILL.,PERMANENTE
5,ANTIOQUIA,5282,FREDONIA,FRUTALES,AGUACATE,AGUACATE,AGUACATE,2012,2012,49,47,165,3.5,FRUTO FRESCO,PERSEA AMERICANA MILL.,PERMANENTE
5,ANTIOQUIA,5861,VENECIA,FRUTALES,AGUACATE,AGUACATE,AGUACATE,2012,2012,46,45,223,5.0,FRUTO FRESCO,PERSEA AMERICANA MILL.,PERMANENTE
5,ANTIOQUIA,5543,PEQUE,FRUTALES,AGUACATE,AGUACATE,AGUACATE,2012,2012,42,25,63,2.5,FRUTO FRESCO,PERSEA AMERICANA MILL.,PERMANENTE
5,ANTIOQUIA,5411,LIBORINA,FRUTALES,AGUACATE,AGUACATE,AGUACATE,2012,2012,40,0,0,,FRUTO FRESCO,PERSEA AMERICANA MILL.,PERMANENTE
5,ANTIOQUIA,5036,ANGELOPOLIS,FRUTALES,AGUACATE,AGUACATE,AGUACATE,2012,2012,38,37,444,12.0,FRUTO FRESCO,PERSEA AMERICANA MILL.,PERMANENTE
5,ANTIOQUIA,5145,CARAMANTA,FRUTALES,AGUACATE,AGUACATE,AGUACATE,2012,2012,38,13,59,4.5,FRUTO FRESCO,PERSEA AMERICANA MILL.,PERMANENTE
5,ANTIOQUIA,5284,FRONTINO,FRUTALES,AGUACATE,AGUACATE,AGUACATE,2012,2012,38,2,5,3.0,FRUTO FRESCO,PERSEA AMERICANA MILL.,PERMANENTE
5,ANTIOQUIA,5642,SALGAR,FRUTALES,AGUACATE,AGUACATE,AGUACATE,2012,2012,36,31,310,10.0,FRUTO FRESCO,PERSEA AMERICANA MILL.,PERMANENTE
5,ANTIOQUIA,5093,BETULIA,FRUTALES,AGUACATE,AGUACATE,AGUACATE,2012,2012,34,34,255,7.5,FRUTO FRESCO,PERSEA AMERICANA MILL.,PERMANENTE
5,ANTIOQUIA,5400,LA UNION,FRUTALES,AGUACATE,AGUACATE,AGUACATE,2012,2012,31,26,179,7.0,FRUTO FRESCO,PERSEA AMERICANA MILL.,PERMANENTE
5,ANTIOQUIA,5237,DON MATIAS,FRUTALES,AGUACATE,AGUACATE,AGUACATE,2012,2012,30,30,420,14.0,FRUTO FRESCO,PERSEA AMERICANA MILL.,PERMANENTE
5,ANTIOQUIA,5792,TARSO,FRUTALES,AGUACATE,AGUACATE,AGUACATE,2012,2012,29,14,72,5.0,FRUTO FRESCO,PERSEA AMERICANA MILL.,PERMANENTE
5,ANTIOQUIA,5059,ARMENIA,FRUTALES,AGUACATE,AGUACATE,AGUACATE,2012,2012,26,20,140,7.0,FRUTO FRESCO,PERSEA AMERICANA MILL.,PERMANENTE
5,ANTIOQUIA,5483,NARIÑO,FRUTALES,AGUACATE,AGUACATE,AGUACATE,2012,2012,26,20,150,7.5,FRUTO FRESCO,PERSEA AMERICANA MILL.,PERMANENTE
5,ANTIOQUIA,5125,CAICEDO,FRUTALES,AGUACATE,AGUACATE,AGUACATE,2012,2012,25,0,0,,FRUTO FRESCO,PERSEA AMERICANA MILL.,PERMANENTE
5,ANTIOQUIA,5819,TOLEDO,FRUTALES,AGUACATE,AGUACATE,AGUACATE,2012,2012,24,22,66,3.0,FRUTO FRESCO,PERSEA AMERICANA MILL.,PERMANENTE
5,ANTIOQUIA,5001,MEDELLIN,FRUTALES,AGUACATE,AGUACATE,AGUACATE,2012,2012,23,19,114,6.0,FRUTO FRESCO,PERSEA AMERICANA MILL.,PERMANENTE
5,ANTIOQUIA,5313,GRANADA,FRUTALES,AGUACATE,AGUACATE,AGUACATE,2012,2012,22,10,70,7.0,FRUTO FRESCO,PERSEA AMERICANA MILL.,PERMANENTE
5,ANTIOQUIA,5809,TITIRIBI,FRUTALES,AGUACATE,AGUACATE,AGUACATE,2012,2012,20,15,75,5.0,FRUTO FRESCO,PERSEA AMERICANA MILL.,PERMANENTE
5,ANTIOQUIA,5873,VIGIA DEL FUERTE,FRUTALES,AGUACATE,AGUACATE,AGUACATE,2012,2012,20,20,160,8.0,FRUTO FRESCO,PERSEA AMERICANA MILL.,PERMANENTE
5,ANTIOQUIA,5321,GUATAPE,FRUTALES,AGUACATE,AGUACATE,AGUACATE,2012,2012,18,0,0,,FRUTO FRESCO,PERSEA AMERICANA MILL.,PERMANENTE
5,ANTIOQUIA,5361,ITUANGO,FRUTALES,AGUACATE,AGUACATE,AGUACATE,2012,2012,18,0,0,,FRUTO FRESCO,PERSEA AMERICANA MILL.,PERMANENTE
5,ANTIOQUIA,5034,ANDES,FRUTALES,AGUACATE,AGUACATE,AGUACATE,2012,2012,17,11,55,5.0,FRUTO FRESCO,PERSEA AMERICANA MILL.,PERMANENTE
5,ANTIOQUIA,5576,PUEBLO RICO,FRUTALES,AGUACATE,AGUACATE,AGUACATE,2012,2012,17,0,0,,FRUTO FRESCO,PERSEA AMERICANA MILL.,PERMANENTE
5,ANTIOQUIA,5856,VALPARAISO,FRUTALES,AGUACATE,AGUACATE,AGUACATE,2012,2012,17,11,88,8.0,FRUTO FRESCO,PERSEA AMERICANA MILL.,PERMANENTE
5,ANTIOQUIA,5649,SAN CARLOS,FRUTALES,AGUACATE,AGUACATE,AGUACATE,2012,2012,16,11,33,3.0,FRUTO FRESCO,PERSEA AMERICANA MILL.,PERMANENTE
5,ANTIOQUIA,5055,ARGELIA,FRUTALES,AGUACATE,AGUACATE,AGUACATE,2012,2012,15,13,208,16.0,FRUTO FRESCO,PERSEA AMERICANA MILL.,PERMANENTE
5,ANTIOQUIA,5142,CARACOLI,FRUTALES,AGUACATE,AGUACATE,AGUACATE,2012,2012,15,14,70,5.0,FRUTO FRESCO,PERSEA AMERICANA MILL.,PERMANENTE
5,ANTIOQUIA,5347,HELICONIA,FRUTALES,AGUACATE,AGUACATE,AGUACATE,2012,2012,15,5,25,5.0,FRUTO FRESCO,PERSEA AMERICANA MILL.,PERMANENTE
5,ANTIOQUIA,5264,ENTRERRIOS,FRUTALES,AGUACATE,AGUACATE,AGUACATE,2012,2012,12,6,72,12.0,FRUTO FRESCO,PERSEA AMERICANA MILL.,PERMANENTE
5,ANTIOQUIA,5129,CALDAS,FRUTALES,AGUACATE,AGUACATE,AGUACATE,2012,2012,12,6,30,5.0,FRUTO FRESCO,PERSEA AMERICANA MILL.,PERMANENTE
5,ANTIOQUIA,5004,ABRIAQUI,FRUTALES,AGUACATE,AGUACATE,AGUACATE,2012,2012,11,0,0,,FRUTO FRESCO,PERSEA AMERICANA MILL.,PERMANENTE
5,ANTIOQUIA,5761,SOPETRAN,FRUTALES,AGUACATE,AGUACATE,AGUACATE,2012,2012,10,0,0,,FRUTO FRESCO,PERSEA AMERICANA MILL.,PERMANENTE
5,ANTIOQUIA,5209,CONCORDIA,FRUTALES,AGUACATE,AGUACATE,AGUACATE,2012,2012,8,3,18,6.0,FRUTO FRESCO,PERSEA AMERICANA MILL.,PERMANENTE
5,ANTIOQUIA,5628,SABANALARGA,FRUTALES,AGUACATE,AGUACATE,AGUACATE,2012,2012,7,7,22,3.0,FRUTO FRESCO,PERSEA AMERICANA MILL.,PERMANENTE
5,ANTIOQUIA,5686,SANTA ROSA DE OSOS,FRUTALES,AGUACATE,AGUACATE,AGUACATE,2012,2012,7,3,24,8.0,FRUTO FRESCO,PERSEA AMERICANA MILL.,PERMANENTE
5,ANTIOQUIA,5021,ALEJANDRIA,FRUTALES,AGUACATE,AGUACATE,AGUACATE,2012,2012,6,0,0,,FRUTO FRESCO,PERSEA AMERICANA MILL.,PERMANENTE
5,ANTIOQUIA,5501,OLAYA,FRUTALES,AGUACATE,AGUACATE,AGUACATE,2012,2012,6,5,13,2.5,FRUTO FRESCO,PERSEA AMERICANA MILL.,PERMANENTE
5,ANTIOQUIA,5091,BETANIA,FRUTALES,AGUACATE,AGUACATE,AGUACATE,2012,2012,5,4,22,5.5,FRUTO FRESCO,PERSEA AMERICANA MILL.,PERMANENTE
5,ANTIOQUIA,5380,LA ESTRELLA,FRUTALES,AGUACATE,AGUACATE,AGUACATE,2012,2012,5,5,25,5.0,FRUTO FRESCO,PERSEA AMERICANA MILL.,PERMANENTE
5,ANTIOQUIA,5647,SAN ANDRES,FRUTALES,AGUACATE,AGUACATE,AGUACATE,2012,2012,5,0,0,,FRUTO FRESCO,PERSEA AMERICANA MILL.,PERMANENTE
5,ANTIOQUIA,5042,SANTAFE DE ANTIOQUIA,FRUTALES,AGUACATE,AGUACATE,AGUACATE,2012,2012,5,0,0,,FRUTO FRESCO,PERSEA AMERICANA MILL.,PERMANENTE
5,ANTIOQUIA,5842,URAMITA,FRUTALES,AGUACATE,AGUACATE,AGUACATE,2012,2012,5,1,2,1.5,FRUTO FRESCO,PERSEA AMERICANA MILL.,PERMANENTE
5,ANTIOQUIA,5044,ANZA,FRUTALES,AGUACATE,AGUACATE,AGUACATE,2012,2012,5,0,0,,FRUTO FRESCO,PERSEA AMERICANA MILL.,PERMANENTE
5,ANTIOQUIA,5086,BELMIRA,FRUTALES,AGUACATE,AGUACATE,AGUACATE,2012,2012,3,0,0,,FRUTO FRESCO,PERSEA AMERICANA MILL.,PERMANENTE
5,ANTIOQUIA,5240,EBEJICO,FRUTALES,AGUACATE,AGUACATE,AGUACATE,2012,2012,3,3,4,1.52,FRUTO FRESCO,PERSEA AMERICANA MILL.,PERMANENTE
5,ANTIOQUIA,5607,RETIRO,FRUTALES,AGUACATE,AGUACATE,AGUACATE,2013,2013,735,228,4560,20.0,FRUTO FRESCO,PERSEA AMERICANA MILL.,PERMANENTE
5,ANTIOQUIA,5679,SANTA BARBARA,FRUTALES,AGUACATE,AGUACATE,AGUACATE,2013,2013,699,699,4893,7.0,FRUTO FRESCO,PERSEA AMERICANA MILL.,PERMANENTE
5,ANTIOQUIA,5756,SONSON,FRUTALES,AGUACATE,AGUACATE,AGUACATE,2013,2013,565,437,4370,10.0,FRUTO FRESCO,PERSEA AMERICANA MILL.,PERMANENTE
5,ANTIOQUIA,5837,TURBO,FRUTALES,AGUACATE,AGUACATE,AGUACATE,2013,2013,444,239,2390,10.0,FRUTO FRESCO,PERSEA AMERICANA MILL.,PERMANENTE
5,ANTIOQUIA,5541,PEÑOL,FRUTALES,AGUACATE,AGUACATE,AGUACATE,2013,2013,406,161,1288,8.0,FRUTO FRESCO,PERSEA AMERICANA MILL.,PERMANENTE
5,ANTIOQUIA,5318,GUARNE,FRUTALES,AGUACATE,AGUACATE,AGUACATE,2013,2013,383,318,5088,16.0,FRUTO FRESCO,PERSEA AMERICANA MILL.,PERMANENTE
5,ANTIOQUIA,5002,ABEJORRAL,FRUTALES,AGUACATE,AGUACATE,AGUACATE,2013,2013,376,276,3864,14.0,FRUTO FRESCO,PERSEA AMERICANA MILL.,PERMANENTE
5,ANTIOQUIA,5148,CARMEN DE VIBORAL,FRUTALES,AGUACATE,AGUACATE,AGUACATE,2013,2013,360,235,1880,8.0,FRUTO FRESCO,PERSEA AMERICANA MILL.,PERMANENTE
5,ANTIOQUIA,5490,NECOCLI,FRUTALES,AGUACATE,AGUACATE,AGUACATE,2013,2013,247,209,2090,10.0,FRUTO FRESCO,PERSEA AMERICANA MILL.,PERMANENTE
5,ANTIOQUIA,5847,URRAO,FRUTALES,AGUACATE,AGUACATE,AGUACATE,2013,2013,218,78,624,8.0,FRUTO FRESCO,PERSEA AMERICANA MILL.,PERMANENTE
5,ANTIOQUIA,5615,RIONEGRO,FRUTALES,AGUACATE,AGUACATE,AGUACATE,2013,2013,210,200,1400,7.0,FRUTO FRESCO,PERSEA AMERICANA MILL.,PERMANENTE
5,ANTIOQUIA,5467,MONTEBELLO,FRUTALES,AGUACATE,AGUACATE,AGUACATE,2013,2013,208,205,1230,6.0,FRUTO FRESCO,PERSEA AMERICANA MILL.,PERMANENTE
5,ANTIOQUIA,5045,APARTADO,FRUTALES,AGUACATE,AGUACATE,AGUACATE,2013,2013,192,192,3264,17.0,FRUTO FRESCO,PERSEA AMERICANA MILL.,PERMANENTE
5,ANTIOQUIA,5368,JERICO,FRUTALES,AGUACATE,AGUACATE,AGUACATE,2013,2013,190,135,810,6.0,FRUTO FRESCO,PERSEA AMERICANA MILL.,PERMANENTE
5,ANTIOQUIA,5674,SAN VICENTE,FRUTALES,AGUACATE,AGUACATE,AGUACATE,2013,2013,169,139,1390,10.0,FRUTO FRESCO,PERSEA AMERICANA MILL.,PERMANENTE
5,ANTIOQUIA,5440,MARINILLA,FRUTALES,AGUACATE,AGUACATE,AGUACATE,2013,2013,166,94,658,7.0,FRUTO FRESCO,PERSEA AMERICANA MILL.,PERMANENTE
5,ANTIOQUIA,5030,AMAGA,FRUTALES,AGUACATE,AGUACATE,AGUACATE,2013,2013,132,132,871,6.6,FRUTO FRESCO,PERSEA AMERICANA MILL.,PERMANENTE
5,ANTIOQUIA,5697,SANTUARIO,FRUTALES,AGUACATE,AGUACATE,AGUACATE,2013,2013,109,33,231,7.0,FRUTO FRESCO,PERSEA AMERICANA MILL.,PERMANENTE
5,ANTIOQUIA,5664,SAN PEDRO,FRUTALES,AGUACATE,AGUACATE,AGUACATE,2013,2013,97,34,272,8.0,FRUTO FRESCO,PERSEA AMERICANA MILL.,PERMANENTE
5,ANTIOQUIA,5364,JARDIN,FRUTALES,AGUACATE,AGUACATE,AGUACATE,2013,2013,89,74,888,12.0,FRUTO FRESCO,PERSEA AMERICANA MILL.,PERMANENTE
5,ANTIOQUIA,5093,BETULIA,FRUTALES,AGUACATE,AGUACATE,AGUACATE,2013,2013,68,34,255,7.5,FRUTO FRESCO,PERSEA AMERICANA MILL.,PERMANENTE
5,ANTIOQUIA,5887,YARUMAL,FRUTALES,AGUACATE,AGUACATE,AGUACATE,2013,2013,67,4,32,8.0,FRUTO FRESCO,PERSEA AMERICANA MILL.,PERMANENTE
5,ANTIOQUIA,5789,TAMESIS,FRUTALES,AGUACATE,AGUACATE,AGUACATE,2013,2013,60,60,289,4.8,FRUTO FRESCO,PERSEA AMERICANA MILL.,PERMANENTE
5,ANTIOQUIA,5854,VALDIVIA,FRUTALES,AGUACATE,AGUACATE,AGUACATE,2013,2013,58,26,194,7.5,FRUTO FRESCO,PERSEA AMERICANA MILL.,PERMANENTE
5,ANTIOQUIA,5282,FREDONIA,FRUTALES,AGUACATE,AGUACATE,AGUACATE,2013,2013,49,48,168,3.5,FRUTO FRESCO,PERSEA AMERICANA MILL.,PERMANENTE
5,ANTIOQUIA,5642,SALGAR,FRUTALES,AGUACATE,AGUACATE,AGUACATE,2013,2013,43,36,323,9.0,FRUTO FRESCO,PERSEA AMERICANA MILL.,PERMANENTE
5,ANTIOQUIA,5543,PEQUE,FRUTALES,AGUACATE,AGUACATE,AGUACATE,2013,2013,42,25,38,1.5,FRUTO FRESCO,PERSEA AMERICANA MILL.,PERMANENTE
5,ANTIOQUIA,5411,LIBORINA,FRUTALES,AGUACATE,AGUACATE,AGUACATE,2013,2013,40,5,25,5.0,FRUTO FRESCO,PERSEA AMERICANA MILL.,PERMANENTE
5,ANTIOQUIA,5861,VENECIA,FRUTALES,AGUACATE,AGUACATE,AGUACATE,2013,2013,39,38,169,4.5,FRUTO FRESCO,PERSEA AMERICANA MILL.,PERMANENTE
5,ANTIOQUIA,5036,ANGELOPOLIS,FRUTALES,AGUACATE,AGUACATE,AGUACATE,2013,2013,38,38,456,12.0,FRUTO FRESCO,PERSEA AMERICANA MILL.,PERMANENTE
5,ANTIOQUIA,5145,CARAMANTA,FRUTALES,AGUACATE,AGUACATE,AGUACATE,2013,2013,38,13,59,4.5,FRUTO FRESCO,PERSEA AMERICANA MILL.,PERMANENTE
5,ANTIOQUIA,5284,FRONTINO,FRUTALES,AGUACATE,AGUACATE,AGUACATE,2013,2013,38,2,5,3.0,FRUTO FRESCO,PERSEA AMERICANA MILL.,PERMANENTE
5,ANTIOQUIA,5400,LA UNION,FRUTALES,AGUACATE,AGUACATE,AGUACATE,2013,2013,33,26,179,7.0,FRUTO FRESCO,PERSEA AMERICANA MILL.,PERMANENTE
5,ANTIOQUIA,5792,TARSO,FRUTALES,AGUACATE,AGUACATE,AGUACATE,2013,2013,31,14,79,5.5,FRUTO FRESCO,PERSEA AMERICANA MILL.,PERMANENTE
5,ANTIOQUIA,5206,CONCEPCION,FRUTALES,AGUACATE,AGUACATE,AGUACATE,2013,2013,30,14,42,3.0,FRUTO FRESCO,PERSEA AMERICANA MILL.,PERMANENTE
5,ANTIOQUIA,5237,DON MATIAS,FRUTALES,AGUACATE,AGUACATE,AGUACATE,2013,2013,30,30,420,14.0,FRUTO FRESCO,PERSEA AMERICANA MILL.,PERMANENTE
5,ANTIOQUIA,5125,CAICEDO,FRUTALES,AGUACATE,AGUACATE,AGUACATE,2013,2013,25,0,0,,FRUTO FRESCO,PERSEA AMERICANA MILL.,PERMANENTE
5,ANTIOQUIA,5059,ARMENIA,FRUTALES,AGUACATE,AGUACATE,AGUACATE,2013,2013,24,21,147,7.0,FRUTO FRESCO,PERSEA AMERICANA MILL.,PERMANENTE
5,ANTIOQUIA,5483,NARIÑO,FRUTALES,AGUACATE,AGUACATE,AGUACATE,2013,2013,24,24,180,7.5,FRUTO FRESCO,PERSEA AMERICANA MILL.,PERMANENTE
5,ANTIOQUIA,5576,PUEBLO RICO,FRUTALES,AGUACATE,AGUACATE,AGUACATE,2013,2013,24,10,60,6.0,FRUTO FRESCO,PERSEA AMERICANA MILL.,PERMANENTE
5,ANTIOQUIA,5819,TOLEDO,FRUTALES,AGUACATE,AGUACATE,AGUACATE,2013,2013,24,24,72,3.0,FRUTO FRESCO,PERSEA AMERICANA MILL.,PERMANENTE
5,ANTIOQUIA,5001,MEDELLIN,FRUTALES,AGUACATE,AGUACATE,AGUACATE,2013,2013,23,19,114,6.0,FRUTO FRESCO,PERSEA AMERICANA MILL.,PERMANENTE
5,ANTIOQUIA,5321,GUATAPE,FRUTALES,AGUACATE,AGUACATE,AGUACATE,2013,2013,22,4,36,9.0,FRUTO FRESCO,PERSEA AMERICANA MILL.,PERMANENTE
5,ANTIOQUIA,5856,VALPARAISO,FRUTALES,AGUACATE,AGUACATE,AGUACATE,2013,2013,22,17,136,8.0,FRUTO FRESCO,PERSEA AMERICANA MILL.,PERMANENTE
5,ANTIOQUIA,5313,GRANADA,FRUTALES,AGUACATE,AGUACATE,AGUACATE,2013,2013,21,16,56,3.5,FRUTO FRESCO,PERSEA AMERICANA MILL.,PERMANENTE
5,ANTIOQUIA,5361,ITUANGO,FRUTALES,AGUACATE,AGUACATE,AGUACATE,2013,2013,21,14,22,1.6,FRUTO FRESCO,PERSEA AMERICANA MILL.,PERMANENTE
5,ANTIOQUIA,5873,VIGIA DEL FUERTE,FRUTALES,AGUACATE,AGUACATE,AGUACATE,2013,2013,21,20,160,8.0,FRUTO FRESCO,PERSEA AMERICANA MILL.,PERMANENTE
5,ANTIOQUIA,5034,ANDES,FRUTALES,AGUACATE,AGUACATE,AGUACATE,2013,2013,19,16,80,5.0,FRUTO FRESCO,PERSEA AMERICANA MILL.,PERMANENTE
5,ANTIOQUIA,5809,TITIRIBI,FRUTALES,AGUACATE,AGUACATE,AGUACATE,2013,2013,19,19,105,5.5,FRUTO FRESCO,PERSEA AMERICANA MILL.,PERMANENTE
5,ANTIOQUIA,5649,SAN CARLOS,FRUTALES,AGUACATE,AGUACATE,AGUACATE,2013,2013,16,11,33,3.0,FRUTO FRESCO,PERSEA AMERICANA MILL.,PERMANENTE
5,ANTIOQUIA,5055,ARGELIA,FRUTALES,AGUACATE,AGUACATE,AGUACATE,2013,2013,15,13,208,16.0,FRUTO FRESCO,PERSEA AMERICANA MILL.,PERMANENTE
5,ANTIOQUIA,5142,CARACOLI,FRUTALES,AGUACATE,AGUACATE,AGUACATE,2013,2013,15,5,25,5.0,FRUTO FRESCO,PERSEA AMERICANA MILL.,PERMANENTE
5,ANTIOQUIA,5347,HELICONIA,FRUTALES,AGUACATE,AGUACATE,AGUACATE,2013,2013,15,5,25,5.0,FRUTO FRESCO,PERSEA AMERICANA MILL.,PERMANENTE
5,ANTIOQUIA,5842,URAMITA,FRUTALES,AGUACATE,AGUACATE,AGUACATE,2013,2013,15,1,2,1.5,FRUTO FRESCO,PERSEA AMERICANA MILL.,PERMANENTE
5,ANTIOQUIA,5264,ENTRERRIOS,FRUTALES,AGUACATE,AGUACATE,AGUACATE,2013,2013,12,10,120,12.0,FRUTO FRESCO,PERSEA AMERICANA MILL.,PERMANENTE
5,ANTIOQUIA,5129,CALDAS,FRUTALES,AGUACATE,AGUACATE,AGUACATE,2013,2013,12,6,24,4.0,FRUTO FRESCO,PERSEA AMERICANA MILL.,PERMANENTE
5,ANTIOQUIA,5004,ABRIAQUI,FRUTALES,AGUACATE,AGUACATE,AGUACATE,2013,2013,10,0,0,,FRUTO FRESCO,PERSEA AMERICANA MILL.,PERMANENTE
5,ANTIOQUIA,5761,SOPETRAN,FRUTALES,AGUACATE,AGUACATE,AGUACATE,2013,2013,10,3,8,2.5,FRUTO FRESCO,PERSEA AMERICANA MILL.,PERMANENTE
5,ANTIOQUIA,5209,CONCORDIA,FRUTALES,AGUACATE,AGUACATE,AGUACATE,2013,2013,8,3,18,6.0,FRUTO FRESCO,PERSEA AMERICANA MILL.,PERMANENTE
5,ANTIOQUIA,5044,ANZA,FRUTALES,AGUACATE,AGUACATE,AGUACATE,2013,2013,8,0,0,,FRUTO FRESCO,PERSEA AMERICANA MILL.,PERMANENTE
5,ANTIOQUIA,5686,SANTA ROSA DE OSOS,FRUTALES,AGUACATE,AGUACATE,AGUACATE,2013,2013,8,3,24,8.0,FRUTO FRESCO,PERSEA AMERICANA MILL.,PERMANENTE
5,ANTIOQUIA,5647,SAN ANDRES,FRUTALES,AGUACATE,AGUACATE,AGUACATE,2013,2013,7,2,4,2.0,FRUTO FRESCO,PERSEA AMERICANA MILL.,PERMANENTE
5,ANTIOQUIA,5628,SABANALARGA,FRUTALES,AGUACATE,AGUACATE,AGUACATE,2013,2013,7,7,20,3.0,FRUTO FRESCO,PERSEA AMERICANA MILL.,PERMANENTE
5,ANTIOQUIA,5501,OLAYA,FRUTALES,AGUACATE,AGUACATE,AGUACATE,2013,2013,6,5,23,4.5,FRUTO FRESCO,PERSEA AMERICANA MILL.,PERMANENTE
5,ANTIOQUIA,5091,BETANIA,FRUTALES,AGUACATE,AGUACATE,AGUACATE,2013,2013,5,5,28,5.5,FRUTO FRESCO,PERSEA AMERICANA MILL.,PERMANENTE
5,ANTIOQUIA,5308,GIRARDOTA,FRUTALES,AGUACATE,AGUACATE,AGUACATE,2013,2013,5,5,30,6.0,FRUTO FRESCO,PERSEA AMERICANA MILL.,PERMANENTE
5,ANTIOQUIA,5380,LA ESTRELLA,FRUTALES,AGUACATE,AGUACATE,AGUACATE,2013,2013,5,5,25,5.0,FRUTO FRESCO,PERSEA AMERICANA MILL.,PERMANENTE
5,ANTIOQUIA,5042,SANTAFE DE ANTIOQUIA,FRUTALES,AGUACATE,AGUACATE,AGUACATE,2013,2013,5,1,5,5.0,FRUTO FRESCO,PERSEA AMERICANA MILL.,PERMANENTE
5,ANTIOQUIA,5086,BELMIRA,FRUTALES,AGUACATE,AGUACATE,AGUACATE,2013,2013,3,0,0,,FRUTO FRESCO,PERSEA AMERICANA MILL.,PERMANENTE
5,ANTIOQUIA,5240,EBEJICO,FRUTALES,AGUACATE,AGUACATE,AGUACATE,2013,2013,3,3,4,1.52,FRUTO FRESCO,PERSEA AMERICANA MILL.,PERMANENTE
5,ANTIOQUIA,5756,SONSON,FRUTALES,AGUACATE,AGUACATE,AGUACATE,2014,2014,845,417,5838,14.0,FRUTO FRESCO,PERSEA AMERICANA MILL.,PERMANENTE
5,ANTIOQUIA,5607,RETIRO,FRUTALES,AGUACATE,AGUACATE,AGUACATE,2014,2014,697,220,4400,20.0,FRUTO FRESCO,PERSEA AMERICANA MILL.,PERMANENTE
5,ANTIOQUIA,5679,SANTA BARBARA,FRUTALES,AGUACATE,AGUACATE,AGUACATE,2014,2014,620,605,4840,8.0,FRUTO FRESCO,PERSEA AMERICANA MILL.,PERMANENTE
5,ANTIOQUIA,5541,PEÑOL,FRUTALES,AGUACATE,AGUACATE,AGUACATE,2014,2014,477,250,2000,8.0,FRUTO FRESCO,PERSEA AMERICANA MILL.,PERMANENTE
5,ANTIOQUIA,5002,ABEJORRAL,FRUTALES,AGUACATE,AGUACATE,AGUACATE,2014,2014,446,292,2774,9.5,FRUTO FRESCO,PERSEA AMERICANA MILL.,PERMANENTE
5,ANTIOQUIA,5837,TURBO,FRUTALES,AGUACATE,AGUACATE,AGUACATE,2014,2014,421,216,2160,10.0,FRUTO FRESCO,PERSEA AMERICANA MILL.,PERMANENTE
5,ANTIOQUIA,5318,GUARNE,FRUTALES,AGUACATE,AGUACATE,AGUACATE,2014,2014,371,281,4496,16.0,FRUTO FRESCO,PERSEA AMERICANA MILL.,PERMANENTE
5,ANTIOQUIA,5148,CARMEN DE VIBORAL,FRUTALES,AGUACATE,AGUACATE,AGUACATE,2014,2014,370,351,2808,8.0,FRUTO FRESCO,PERSEA AMERICANA MILL.,PERMANENTE
5,ANTIOQUIA,5467,MONTEBELLO,FRUTALES,AGUACATE,AGUACATE,AGUACATE,2014,2014,238,208,1248,6.0,FRUTO FRESCO,PERSEA AMERICANA MILL.,PERMANENTE
5,ANTIOQUIA,5847,URRAO,FRUTALES,AGUACATE,AGUACATE,AGUACATE,2014,2014,218,120,960,8.0,FRUTO FRESCO,PERSEA AMERICANA MILL.,PERMANENTE
5,ANTIOQUIA,5674,SAN VICENTE,FRUTALES,AGUACATE,AGUACATE,AGUACATE,2014,2014,209,139,1390,10.0,FRUTO FRESCO,PERSEA AMERICANA MILL.,PERMANENTE
5,ANTIOQUIA,5440,MARINILLA,FRUTALES,AGUACATE,AGUACATE,AGUACATE,2014,2014,190,118,826,7.0,FRUTO FRESCO,PERSEA AMERICANA MILL.,PERMANENTE
5,ANTIOQUIA,5615,RIONEGRO,FRUTALES,AGUACATE,AGUACATE,AGUACATE,2014,2014,190,190,1330,7.0,FRUTO FRESCO,PERSEA AMERICANA MILL.,PERMANENTE
5,ANTIOQUIA,5697,SANTUARIO,FRUTALES,AGUACATE,AGUACATE,AGUACATE,2014,2014,185,45,270,6.0,FRUTO FRESCO,PERSEA AMERICANA MILL.,PERMANENTE
5,ANTIOQUIA,5030,AMAGA,FRUTALES,AGUACATE,AGUACATE,AGUACATE,2014,2014,129,129,903,7.0,FRUTO FRESCO,PERSEA AMERICANA MILL.,PERMANENTE
5,ANTIOQUIA,5490,NECOCLI,FRUTALES,AGUACATE,AGUACATE,AGUACATE,2014,2014,126,114,1140,10.0,FRUTO FRESCO,PERSEA AMERICANA MILL.,PERMANENTE
5,ANTIOQUIA,5045,APARTADO,FRUTALES,AGUACATE,AGUACATE,AGUACATE,2014,2014,125,124,2108,17.0,FRUTO FRESCO,PERSEA AMERICANA MILL.,PERMANENTE
5,ANTIOQUIA,5364,JARDIN,FRUTALES,AGUACATE,AGUACATE,AGUACATE,2014,2014,119,84,1008,12.0,FRUTO FRESCO,PERSEA AMERICANA MILL.,PERMANENTE
5,ANTIOQUIA,5093,BETULIA,FRUTALES,AGUACATE,AGUACATE,AGUACATE,2014,2014,108,34,255,7.5,FRUTO FRESCO,PERSEA AMERICANA MILL.,PERMANENTE
5,ANTIOQUIA,5664,SAN PEDRO,FRUTALES,AGUACATE,AGUACATE,AGUACATE,2014,2014,101,40,300,7.5,FRUTO FRESCO,PERSEA AMERICANA MILL.,PERMANENTE
5,ANTIOQUIA,5368,JERICO,FRUTALES,AGUACATE,AGUACATE,AGUACATE,2014,2014,90,80,480,6.0,FRUTO FRESCO,PERSEA AMERICANA MILL.,PERMANENTE
5,ANTIOQUIA,5854,VALDIVIA,FRUTALES,AGUACATE,AGUACATE,AGUACATE,2014,2014,72,36,299,8.36,FRUTO FRESCO,PERSEA AMERICANA MILL.,PERMANENTE
5,ANTIOQUIA,5887,YARUMAL,FRUTALES,AGUACATE,AGUACATE,AGUACATE,2014,2014,67,10,80,8.0,FRUTO FRESCO,PERSEA AMERICANA MILL.,PERMANENTE
5,ANTIOQUIA,5642,SALGAR,FRUTALES,AGUACATE,AGUACATE,AGUACATE,2014,2014,61,32,319,10.0,FRUTO FRESCO,PERSEA AMERICANA MILL.,PERMANENTE
5,ANTIOQUIA,5789,TAMESIS,FRUTALES,AGUACATE,AGUACATE,AGUACATE,2014,2014,60,60,287,4.76,FRUTO FRESCO,PERSEA AMERICANA MILL.,PERMANENTE
5,ANTIOQUIA,5842,URAMITA,FRUTALES,AGUACATE,AGUACATE,AGUACATE,2014,2014,60,23,58,2.5,FRUTO FRESCO,PERSEA AMERICANA MILL.,PERMANENTE
5,ANTIOQUIA,5282,FREDONIA,FRUTALES,AGUACATE,AGUACATE,AGUACATE,2014,2014,49,48,168,3.5,FRUTO FRESCO,PERSEA AMERICANA MILL.,PERMANENTE
5,ANTIOQUIA,5411,LIBORINA,FRUTALES,AGUACATE,AGUACATE,AGUACATE,2014,2014,40,10,50,5.0,FRUTO FRESCO,PERSEA AMERICANA MILL.,PERMANENTE
5,ANTIOQUIA,5036,ANGELOPOLIS,FRUTALES,AGUACATE,AGUACATE,AGUACATE,2014,2014,38,38,456,12.0,FRUTO FRESCO,PERSEA AMERICANA MILL.,PERMANENTE
5,ANTIOQUIA,5861,VENECIA,FRUTALES,AGUACATE,AGUACATE,AGUACATE,2014,2014,37,36,160,4.5,FRUTO FRESCO,PERSEA AMERICANA MILL.,PERMANENTE
5,ANTIOQUIA,5543,PEQUE,FRUTALES,AGUACATE,AGUACATE,AGUACATE,2014,2014,34,34,51,1.5,FRUTO FRESCO,PERSEA AMERICANA MILL.,PERMANENTE
5,ANTIOQUIA,5284,FRONTINO,FRUTALES,AGUACATE,AGUACATE,AGUACATE,2014,2014,33,5,15,3.0,FRUTO FRESCO,PERSEA AMERICANA MILL.,PERMANENTE
5,ANTIOQUIA,5400,LA UNION,FRUTALES,AGUACATE,AGUACATE,AGUACATE,2014,2014,33,22,151,7.0,FRUTO FRESCO,PERSEA AMERICANA MILL.,PERMANENTE
5,ANTIOQUIA,5792,TARSO,FRUTALES,AGUACATE,AGUACATE,AGUACATE,2014,2014,31,29,191,6.5,FRUTO FRESCO,PERSEA AMERICANA MILL.,PERMANENTE
5,ANTIOQUIA,5237,DON MATIAS,FRUTALES,AGUACATE,AGUACATE,AGUACATE,2014,2014,28,28,392,14.0,FRUTO FRESCO,PERSEA AMERICANA MILL.,PERMANENTE
5,ANTIOQUIA,5001,MEDELLIN,FRUTALES,AGUACATE,AGUACATE,AGUACATE,2014,2014,28,23,138,6.0,FRUTO FRESCO,PERSEA AMERICANA MILL.,PERMANENTE
5,ANTIOQUIA,5125,CAICEDO,FRUTALES,AGUACATE,AGUACATE,AGUACATE,2014,2014,25,0,0,,FRUTO FRESCO,PERSEA AMERICANA MILL.,PERMANENTE
5,ANTIOQUIA,5059,ARMENIA,FRUTALES,AGUACATE,AGUACATE,AGUACATE,2014,2014,24,21,147,7.0,FRUTO FRESCO,PERSEA AMERICANA MILL.,PERMANENTE
5,ANTIOQUIA,5483,NARIÑO,FRUTALES,AGUACATE,AGUACATE,AGUACATE,2014,2014,24,24,180,7.5,FRUTO FRESCO,PERSEA AMERICANA MILL.,PERMANENTE
5,ANTIOQUIA,5576,PUEBLO RICO,FRUTALES,AGUACATE,AGUACATE,AGUACATE,2014,2014,24,15,90,6.0,FRUTO FRESCO,PERSEA AMERICANA MILL.,PERMANENTE
5,ANTIOQUIA,5819,TOLEDO,FRUTALES,AGUACATE,AGUACATE,AGUACATE,2014,2014,24,24,72,3.0,FRUTO FRESCO,PERSEA AMERICANA MILL.,PERMANENTE
5,ANTIOQUIA,5856,VALPARAISO,FRUTALES,AGUACATE,AGUACATE,AGUACATE,2014,2014,24,17,136,8.0,FRUTO FRESCO,PERSEA AMERICANA MILL.,PERMANENTE
5,ANTIOQUIA,5313,GRANADA,FRUTALES,AGUACATE,AGUACATE,AGUACATE,2014,2014,23,16,110,6.9,FRUTO FRESCO,PERSEA AMERICANA MILL.,PERMANENTE
5,ANTIOQUIA,5873,VIGIA DEL FUERTE,FRUTALES,AGUACATE,AGUACATE,AGUACATE,2014,2014,23,20,156,8.0,FRUTO FRESCO,PERSEA AMERICANA MILL.,PERMANENTE
5,ANTIOQUIA,5321,GUATAPE,FRUTALES,AGUACATE,AGUACATE,AGUACATE,2014,2014,20,12,108,9.0,FRUTO FRESCO,PERSEA AMERICANA MILL.,PERMANENTE
5,ANTIOQUIA,5361,ITUANGO,FRUTALES,AGUACATE,AGUACATE,AGUACATE,2014,2014,18,18,36,2.0,FRUTO FRESCO,PERSEA AMERICANA MILL.,PERMANENTE
5,ANTIOQUIA,5809,TITIRIBI,FRUTALES,AGUACATE,AGUACATE,AGUACATE,2014,2014,18,18,99,5.5,FRUTO FRESCO,PERSEA AMERICANA MILL.,PERMANENTE
5,ANTIOQUIA,5055,ARGELIA,FRUTALES,AGUACATE,AGUACATE,AGUACATE,2014,2014,16,15,240,16.0,FRUTO FRESCO,PERSEA AMERICANA MILL.,PERMANENTE
5,ANTIOQUIA,5347,HELICONIA,FRUTALES,AGUACATE,AGUACATE,AGUACATE,2014,2014,16,5,25,5.0,FRUTO FRESCO,PERSEA AMERICANA MILL.,PERMANENTE
5,ANTIOQUIA,5649,SAN CARLOS,FRUTALES,AGUACATE,AGUACATE,AGUACATE,2014,2014,16,16,48,3.0,FRUTO FRESCO,PERSEA AMERICANA MILL.,PERMANENTE
5,ANTIOQUIA,5034,ANDES,FRUTALES,AGUACATE,AGUACATE,AGUACATE,2014,2014,15,12,60,5.0,FRUTO FRESCO,PERSEA AMERICANA MILL.,PERMANENTE
5,ANTIOQUIA,5142,CARACOLI,FRUTALES,AGUACATE,AGUACATE,AGUACATE,2014,2014,15,13,65,5.0,FRUTO FRESCO,PERSEA AMERICANA MILL.,PERMANENTE
5,ANTIOQUIA,5206,CONCEPCION,FRUTALES,AGUACATE,AGUACATE,AGUACATE,2014,2014,15,15,45,3.0,FRUTO FRESCO,PERSEA AMERICANA MILL.,PERMANENTE
5,ANTIOQUIA,5264,ENTRERRIOS,FRUTALES,AGUACATE,AGUACATE,AGUACATE,2014,2014,15,10,120,12.0,FRUTO FRESCO,PERSEA AMERICANA MILL.,PERMANENTE
5,ANTIOQUIA,5129,CALDAS,FRUTALES,AGUACATE,AGUACATE,AGUACATE,2014,2014,12,12,46,4.0,FRUTO FRESCO,PERSEA AMERICANA MILL.,PERMANENTE
5,ANTIOQUIA,5004,ABRIAQUI,FRUTALES,AGUACATE,AGUACATE,AGUACATE,2014,2014,10,9,90,10.0,FRUTO FRESCO,PERSEA AMERICANA MILL.,PERMANENTE
5,ANTIOQUIA,5145,CARAMANTA,FRUTALES,AGUACATE,AGUACATE,AGUACATE,2014,2014,10,10,45,4.5,FRUTO FRESCO,PERSEA AMERICANA MILL.,PERMANENTE
5,ANTIOQUIA,5761,SOPETRAN,FRUTALES,AGUACATE,AGUACATE,AGUACATE,2014,2014,10,10,70,7.0,FRUTO FRESCO,PERSEA AMERICANA MILL.,PERMANENTE
5,ANTIOQUIA,5209,CONCORDIA,FRUTALES,AGUACATE,AGUACATE,AGUACATE,2014,2014,9,8,56,7.0,FRUTO FRESCO,PERSEA AMERICANA MILL.,PERMANENTE
5,ANTIOQUIA,5647,SAN ANDRES,FRUTALES,AGUACATE,AGUACATE,AGUACATE,2014,2014,8,5,20,4.0,FRUTO FRESCO,PERSEA AMERICANA MILL.,PERMANENTE
5,ANTIOQUIA,5044,ANZA,FRUTALES,AGUACATE,AGUACATE,AGUACATE,2014,2014,8,3,15,5.0,FRUTO FRESCO,PERSEA AMERICANA MILL.,PERMANENTE
5,ANTIOQUIA,5686,SANTA ROSA DE OSOS,FRUTALES,AGUACATE,AGUACATE,AGUACATE,2014,2014,8,4,28,8.0,FRUTO FRESCO,PERSEA AMERICANA MILL.,PERMANENTE
5,ANTIOQUIA,5308,GIRARDOTA,FRUTALES,AGUACATE,AGUACATE,AGUACATE,2014,2014,7,5,35,7.0,FRUTO FRESCO,PERSEA AMERICANA MILL.,PERMANENTE
5,ANTIOQUIA,5501,OLAYA,FRUTALES,AGUACATE,AGUACATE,AGUACATE,2014,2014,6,5,23,4.5,FRUTO FRESCO,PERSEA AMERICANA MILL.,PERMANENTE
5,ANTIOQUIA,5628,SABANALARGA,FRUTALES,AGUACATE,AGUACATE,AGUACATE,2014,2014,5,5,10,2.0,FRUTO FRESCO,PERSEA AMERICANA MILL.,PERMANENTE
5,ANTIOQUIA,5079,BARBOSA,FRUTALES,AGUACATE,AGUACATE,AGUACATE,2014,2014,5,0,0,,FRUTO FRESCO,PERSEA AMERICANA MILL.,PERMANENTE
5,ANTIOQUIA,5091,BETANIA,FRUTALES,AGUACATE,AGUACATE,AGUACATE,2014,2014,5,5,28,5.5,FRUTO FRESCO,PERSEA AMERICANA MILL.,PERMANENTE
5,ANTIOQUIA,5380,LA ESTRELLA,FRUTALES,AGUACATE,AGUACATE,AGUACATE,2014,2014,5,5,35,7.0,FRUTO FRESCO,PERSEA AMERICANA MILL.,PERMANENTE
5,ANTIOQUIA,5042,SANTAFE DE ANTIOQUIA,FRUTALES,AGUACATE,AGUACATE,AGUACATE,2014,2014,5,2,10,5.0,FRUTO FRESCO,PERSEA AMERICANA MILL.,PERMANENTE
5,ANTIOQUIA,5086,BELMIRA,FRUTALES,AGUACATE,AGUACATE,AGUACATE,2014,2014,3,0,0,,FRUTO FRESCO,PERSEA AMERICANA MILL.,PERMANENTE
5,ANTIOQUIA,5240,EBEJICO,FRUTALES,AGUACATE,AGUACATE,AGUACATE,2014,2014,3,3,4,1.5,FRUTO FRESCO,PERSEA AMERICANA MILL.,PERMANENTE
5,ANTIOQUIA,5847,URRAO,FRUTALES,AGUACATE,AGUACATE,AGUACATE,2015,2015,2633,305,10980,36.0,FRUTO FRESCO,PERSEA AMERICANA MILL.,PERMANENTE
5,ANTIOQUIA,5756,SONSON,FRUTALES,AGUACATE,AGUACATE,AGUACATE,2015,2015,1350,495,6930,14.0,FRUTO FRESCO,PERSEA AMERICANA MILL.,PERMANENTE
5,ANTIOQUIA,5607,RETIRO,FRUTALES,AGUACATE,AGUACATE,AGUACATE,2015,2015,697,265,5300,20.0,FRUTO FRESCO,PERSEA AMERICANA MILL.,PERMANENTE
5,ANTIOQUIA,5679,SANTA BARBARA,FRUTALES,AGUACATE,AGUACATE,AGUACATE,2015,2015,622,605,4840,8.0,FRUTO FRESCO,PERSEA AMERICANA MILL.,PERMANENTE
5,ANTIOQUIA,5541,PEÑOL,FRUTALES,AGUACATE,AGUACATE,AGUACATE,2015,2015,519,290,2320,8.0,FRUTO FRESCO,PERSEA AMERICANA MILL.,PERMANENTE
5,ANTIOQUIA,5002,ABEJORRAL,FRUTALES,AGUACATE,AGUACATE,AGUACATE,2015,2015,436,317,3012,9.5,FRUTO FRESCO,PERSEA AMERICANA MILL.,PERMANENTE
5,ANTIOQUIA,5837,TURBO,FRUTALES,AGUACATE,AGUACATE,AGUACATE,2015,2015,413,208,2080,10.0,FRUTO FRESCO,PERSEA AMERICANA MILL.,PERMANENTE
5,ANTIOQUIA,5376,LA CEJA,FRUTALES,AGUACATE,AGUACATE,AGUACATE,2015,2015,362,350,2800,8.0,FRUTO FRESCO,PERSEA AMERICANA MILL.,PERMANENTE
5,ANTIOQUIA,5318,GUARNE,FRUTALES,AGUACATE,AGUACATE,AGUACATE,2015,2015,356,300,2700,9.0,FRUTO FRESCO,PERSEA AMERICANA MILL.,PERMANENTE
5,ANTIOQUIA,5148,CARMEN DE VIBORAL,FRUTALES,AGUACATE,AGUACATE,AGUACATE,2015,2015,350,335,2680,8.0,FRUTO FRESCO,PERSEA AMERICANA MILL.,PERMANENTE
5,ANTIOQUIA,5467,MONTEBELLO,FRUTALES,AGUACATE,AGUACATE,AGUACATE,2015,2015,238,208,1248,6.0,FRUTO FRESCO,PERSEA AMERICANA MILL.,PERMANENTE
5,ANTIOQUIA,5674,SAN VICENTE,FRUTALES,AGUACATE,AGUACATE,AGUACATE,2015,2015,225,169,1690,10.0,FRUTO FRESCO,PERSEA AMERICANA MILL.,PERMANENTE
5,ANTIOQUIA,5440,MARINILLA,FRUTALES,AGUACATE,AGUACATE,AGUACATE,2015,2015,217,118,826,7.0,FRUTO FRESCO,PERSEA AMERICANA MILL.,PERMANENTE
5,ANTIOQUIA,5697,SANTUARIO,FRUTALES,AGUACATE,AGUACATE,AGUACATE,2015,2015,198,93,558,6.0,FRUTO FRESCO,PERSEA AMERICANA MILL.,PERMANENTE
5,ANTIOQUIA,5615,RIONEGRO,FRUTALES,AGUACATE,AGUACATE,AGUACATE,2015,2015,185,180,1440,8.0,FRUTO FRESCO,PERSEA AMERICANA MILL.,PERMANENTE
5,ANTIOQUIA,5030,AMAGA,FRUTALES,AGUACATE,AGUACATE,AGUACATE,2015,2015,129,129,1290,10.0,FRUTO FRESCO,PERSEA AMERICANA MILL.,PERMANENTE
5,ANTIOQUIA,5045,APARTADO,FRUTALES,AGUACATE,AGUACATE,AGUACATE,2015,2015,120,114,1710,15.0,FRUTO FRESCO,PERSEA AMERICANA MILL.,PERMANENTE
5,ANTIOQUIA,5490,NECOCLI,FRUTALES,AGUACATE,AGUACATE,AGUACATE,2015,2015,114,114,2280,20.0,FRUTO FRESCO,PERSEA AMERICANA MILL.,PERMANENTE
5,ANTIOQUIA,5664,SAN PEDRO,FRUTALES,AGUACATE,AGUACATE,AGUACATE,2015,2015,110,51,404,8.0,FRUTO FRESCO,PERSEA AMERICANA MILL.,PERMANENTE
5,ANTIOQUIA,5642,SALGAR,FRUTALES,AGUACATE,AGUACATE,AGUACATE,2015,2015,95,39,429,11.0,FRUTO FRESCO,PERSEA AMERICANA MILL.,PERMANENTE
5,ANTIOQUIA,5368,JERICO,FRUTALES,AGUACATE,AGUACATE,AGUACATE,2015,2015,90,80,480,6.0,FRUTO FRESCO,PERSEA AMERICANA MILL.,PERMANENTE
5,ANTIOQUIA,5038,ANGOSTURA,FRUTALES,AGUACATE,AGUACATE,AGUACATE,2015,2015,80,0,0,,FRUTO FRESCO,PERSEA AMERICANA MILL.,PERMANENTE
5,ANTIOQUIA,5125,CAICEDO,FRUTALES,AGUACATE,AGUACATE,AGUACATE,2015,2015,79,31,155,5.0,FRUTO FRESCO,PERSEA AMERICANA MILL.,PERMANENTE
5,ANTIOQUIA,5364,JARDIN,FRUTALES,AGUACATE,AGUACATE,AGUACATE,2015,2015,78,78,936,12.0,FRUTO FRESCO,PERSEA AMERICANA MILL.,PERMANENTE
5,ANTIOQUIA,5854,VALDIVIA,FRUTALES,AGUACATE,AGUACATE,AGUACATE,2015,2015,73,32,265,8.36,FRUTO FRESCO,PERSEA AMERICANA MILL.,PERMANENTE
5,ANTIOQUIA,5411,LIBORINA,FRUTALES,AGUACATE,AGUACATE,AGUACATE,2015,2015,70,40,140,3.5,FRUTO FRESCO,PERSEA AMERICANA MILL.,PERMANENTE
5,ANTIOQUIA,5842,URAMITA,FRUTALES,AGUACATE,AGUACATE,AGUACATE,2015,2015,70,37,93,2.5,FRUTO FRESCO,PERSEA AMERICANA MILL.,PERMANENTE
5,ANTIOQUIA,5887,YARUMAL,FRUTALES,AGUACATE,AGUACATE,AGUACATE,2015,2015,69,10,9,0.9,FRUTO FRESCO,PERSEA AMERICANA MILL.,PERMANENTE
5,ANTIOQUIA,5789,TAMESIS,FRUTALES,AGUACATE,AGUACATE,AGUACATE,2015,2015,60,60,289,4.8,FRUTO FRESCO,PERSEA AMERICANA MILL.,PERMANENTE
5,ANTIOQUIA,5628,SABANALARGA,FRUTALES,AGUACATE,AGUACATE,AGUACATE,2015,2015,57,5,13,2.5,FRUTO FRESCO,PERSEA AMERICANA MILL.,PERMANENTE
5,ANTIOQUIA,5093,BETULIA,FRUTALES,AGUACATE,AGUACATE,AGUACATE,2015,2015,54,34,340,10.0,FRUTO FRESCO,PERSEA AMERICANA MILL.,PERMANENTE
5,ANTIOQUIA,5282,FREDONIA,FRUTALES,AGUACATE,AGUACATE,AGUACATE,2015,2015,50,49,172,3.5,FRUTO FRESCO,PERSEA AMERICANA MILL.,PERMANENTE
5,ANTIOQUIA,5761,SOPETRAN,FRUTALES,AGUACATE,AGUACATE,AGUACATE,2015,2015,40,10,75,7.5,FRUTO FRESCO,PERSEA AMERICANA MILL.,PERMANENTE
5,ANTIOQUIA,5036,ANGELOPOLIS,FRUTALES,AGUACATE,AGUACATE,AGUACATE,2015,2015,38,37,444,12.0,FRUTO FRESCO,PERSEA AMERICANA MILL.,PERMANENTE
5,ANTIOQUIA,5861,VENECIA,FRUTALES,AGUACATE,AGUACATE,AGUACATE,2015,2015,37,36,160,4.5,FRUTO FRESCO,PERSEA AMERICANA MILL.,PERMANENTE
5,ANTIOQUIA,5543,PEQUE,FRUTALES,AGUACATE,AGUACATE,AGUACATE,2015,2015,36,32,48,1.5,FRUTO FRESCO,PERSEA AMERICANA MILL.,PERMANENTE
5,ANTIOQUIA,5284,FRONTINO,FRUTALES,AGUACATE,AGUACATE,AGUACATE,2015,2015,33,33,83,2.5,FRUTO FRESCO,PERSEA AMERICANA MILL.,PERMANENTE
5,ANTIOQUIA,5361,ITUANGO,FRUTALES,AGUACATE,AGUACATE,AGUACATE,2015,2015,33,18,108,6.0,FRUTO FRESCO,PERSEA AMERICANA MILL.,PERMANENTE
5,ANTIOQUIA,5001,MEDELLIN,FRUTALES,AGUACATE,AGUACATE,AGUACATE,2015,2015,33,28,168,6.0,FRUTO FRESCO,PERSEA AMERICANA MILL.,PERMANENTE
5,ANTIOQUIA,5400,LA UNION,FRUTALES,AGUACATE,AGUACATE,AGUACATE,2015,2015,33,22,151,7.0,FRUTO FRESCO,PERSEA AMERICANA MILL.,PERMANENTE
5,ANTIOQUIA,5792,TARSO,FRUTALES,AGUACATE,AGUACATE,AGUACATE,2015,2015,31,29,176,6.0,FRUTO FRESCO,PERSEA AMERICANA MILL.,PERMANENTE
5,ANTIOQUIA,5237,DON MATIAS,FRUTALES,AGUACATE,AGUACATE,AGUACATE,2015,2015,27,27,378,14.0,FRUTO FRESCO,PERSEA AMERICANA MILL.,PERMANENTE
5,ANTIOQUIA,5313,GRANADA,FRUTALES,AGUACATE,AGUACATE,AGUACATE,2015,2015,27,16,110,6.9,FRUTO FRESCO,PERSEA AMERICANA MILL.,PERMANENTE
5,ANTIOQUIA,5501,OLAYA,FRUTALES,AGUACATE,AGUACATE,AGUACATE,2015,2015,26,5,23,4.5,FRUTO FRESCO,PERSEA AMERICANA MILL.,PERMANENTE
5,ANTIOQUIA,5856,VALPARAISO,FRUTALES,AGUACATE,AGUACATE,AGUACATE,2015,2015,24,17,136,8.0,FRUTO FRESCO,PERSEA AMERICANA MILL.,PERMANENTE
5,ANTIOQUIA,5873,VIGIA DEL FUERTE,FRUTALES,AGUACATE,AGUACATE,AGUACATE,2015,2015,23,20,160,8.0,FRUTO FRESCO,PERSEA AMERICANA MILL.,PERMANENTE
5,ANTIOQUIA,5264,ENTRERRIOS,FRUTALES,AGUACATE,AGUACATE,AGUACATE,2015,2015,22,10,120,12.0,FRUTO FRESCO,PERSEA AMERICANA MILL.,PERMANENTE
5,ANTIOQUIA,5055,ARGELIA,FRUTALES,AGUACATE,AGUACATE,AGUACATE,2015,2015,17,15,60,4.0,FRUTO FRESCO,PERSEA AMERICANA MILL.,PERMANENTE
5,ANTIOQUIA,5321,GUATAPE,FRUTALES,AGUACATE,AGUACATE,AGUACATE,2015,2015,17,12,84,7.0,FRUTO FRESCO,PERSEA AMERICANA MILL.,PERMANENTE
5,ANTIOQUIA,5347,HELICONIA,FRUTALES,AGUACATE,AGUACATE,AGUACATE,2015,2015,17,6,18,3.0,FRUTO FRESCO,PERSEA AMERICANA MILL.,PERMANENTE
5,ANTIOQUIA,5809,TITIRIBI,FRUTALES,AGUACATE,AGUACATE,AGUACATE,2015,2015,17,17,94,5.5,FRUTO FRESCO,PERSEA AMERICANA MILL.,PERMANENTE
5,ANTIOQUIA,5142,CARACOLI,FRUTALES,AGUACATE,AGUACATE,AGUACATE,2015,2015,16,15,75,5.0,FRUTO FRESCO,PERSEA AMERICANA MILL.,PERMANENTE
5,ANTIOQUIA,5649,SAN CARLOS,FRUTALES,AGUACATE,AGUACATE,AGUACATE,2015,2015,16,16,48,3.0,FRUTO FRESCO,PERSEA AMERICANA MILL.,PERMANENTE
5,ANTIOQUIA,5034,ANDES,FRUTALES,AGUACATE,AGUACATE,AGUACATE,2015,2015,15,12,60,5.0,FRUTO FRESCO,PERSEA AMERICANA MILL.,PERMANENTE
5,ANTIOQUIA,5206,CONCEPCION,FRUTALES,AGUACATE,AGUACATE,AGUACATE,2015,2015,15,15,45,3.0,FRUTO FRESCO,PERSEA AMERICANA MILL.,PERMANENTE
5,ANTIOQUIA,5129,CALDAS,FRUTALES,AGUACATE,AGUACATE,AGUACATE,2015,2015,12,12,46,4.0,FRUTO FRESCO,PERSEA AMERICANA MILL.,PERMANENTE
5,ANTIOQUIA,5044,ANZA,FRUTALES,AGUACATE,AGUACATE,AGUACATE,2015,2015,11,0,0,,FRUTO FRESCO,PERSEA AMERICANA MILL.,PERMANENTE
5,ANTIOQUIA,5042,SANTAFE DE ANTIOQUIA,FRUTALES,AGUACATE,AGUACATE,AGUACATE,2015,2015,11,0,0,,FRUTO FRESCO,PERSEA AMERICANA MILL.,PERMANENTE
5,ANTIOQUIA,5145,CARAMANTA,FRUTALES,AGUACATE,AGUACATE,AGUACATE,2015,2015,10,10,120,12.0,FRUTO FRESCO,PERSEA AMERICANA MILL.,PERMANENTE
5,ANTIOQUIA,5209,CONCORDIA,FRUTALES,AGUACATE,AGUACATE,AGUACATE,2015,2015,10,8,96,12.0,FRUTO FRESCO,PERSEA AMERICANA MILL.,PERMANENTE
5,ANTIOQUIA,5647,SAN ANDRES,FRUTALES,AGUACATE,AGUACATE,AGUACATE,2015,2015,8,7,42,6.0,FRUTO FRESCO,PERSEA AMERICANA MILL.,PERMANENTE
5,ANTIOQUIA,5686,SANTA ROSA DE OSOS,FRUTALES,AGUACATE,AGUACATE,AGUACATE,2015,2015,8,4,28,8.0,FRUTO FRESCO,PERSEA AMERICANA MILL.,PERMANENTE
5,ANTIOQUIA,5308,GIRARDOTA,FRUTALES,AGUACATE,AGUACATE,AGUACATE,2015,2015,7,5,35,7.0,FRUTO FRESCO,PERSEA AMERICANA MILL.,PERMANENTE
5,ANTIOQUIA,5059,ARMENIA,FRUTALES,AGUACATE,AGUACATE,AGUACATE,2015,2015,6,6,18,3.0,FRUTO FRESCO,PERSEA AMERICANA MILL.,PERMANENTE
5,ANTIOQUIA,5079,BARBOSA,FRUTALES,AGUACATE,AGUACATE,AGUACATE,2015,2015,5,1,8,8.0,FRUTO FRESCO,PERSEA AMERICANA MILL.,PERMANENTE
5,ANTIOQUIA,5380,LA ESTRELLA,FRUTALES,AGUACATE,AGUACATE,AGUACATE,2015,2015,5,5,35,7.0,FRUTO FRESCO,PERSEA AMERICANA MILL.,PERMANENTE
5,ANTIOQUIA,5819,TOLEDO,FRUTALES,AGUACATE,AGUACATE,AGUACATE,2015,2015,4,4,32,8.0,FRUTO FRESCO,PERSEA AMERICANA MILL.,PERMANENTE
5,ANTIOQUIA,5652,SAN FRANCISCO,FRUTALES,AGUACATE,AGUACATE,AGUACATE,2015,2015,3,0,0,,FRUTO FRESCO,PERSEA AMERICANA MILL.,PERMANENTE
5,ANTIOQUIA,5756,SONSON,FRUTALES,AGUACATE,AGUACATE,AGUACATE,2016,2016,2190,785,11775,15.0,FRUTO FRESCO,PERSEA AMERICANA MILL.,PERMANENTE
5,ANTIOQUIA,5847,URRAO,FRUTALES,AGUACATE,AGUACATE,AGUACATE,2016,2016,2152,216,7539,34.9,FRUTO FRESCO,PERSEA AMERICANA MILL.,PERMANENTE
5,ANTIOQUIA,5679,SANTA BARBARA,FRUTALES,AGUACATE,AGUACATE,AGUACATE,2016,2016,710,685,5480,8.0,FRUTO FRESCO,PERSEA AMERICANA MILL.,PERMANENTE
5,ANTIOQUIA,5607,RETIRO,FRUTALES,AGUACATE,AGUACATE,AGUACATE,2016,2016,607,242,4840,20.0,FRUTO FRESCO,PERSEA AMERICANA MILL.,PERMANENTE
5,ANTIOQUIA,5541,PEÑOL,FRUTALES,AGUACATE,AGUACATE,AGUACATE,2016,2016,579,400,4800,12.0,FRUTO FRESCO,PERSEA AMERICANA MILL.,PERMANENTE
5,ANTIOQUIA,5002,ABEJORRAL,FRUTALES,AGUACATE,AGUACATE,AGUACATE,2016,2016,486,416,4992,12.0,FRUTO FRESCO,PERSEA AMERICANA MILL.,PERMANENTE
5,ANTIOQUIA,5376,LA CEJA,FRUTALES,AGUACATE,AGUACATE,AGUACATE,2016,2016,372,362,2896,8.0,FRUTO FRESCO,PERSEA AMERICANA MILL.,PERMANENTE
5,ANTIOQUIA,5318,GUARNE,FRUTALES,AGUACATE,AGUACATE,AGUACATE,2016,2016,366,290,2610,9.0,FRUTO FRESCO,PERSEA AMERICANA MILL.,PERMANENTE
5,ANTIOQUIA,5837,TURBO,FRUTALES,AGUACATE,AGUACATE,AGUACATE,2016,2016,336,128,1280,10.0,FRUTO FRESCO,PERSEA AMERICANA MILL.,PERMANENTE
5,ANTIOQUIA,5674,SAN VICENTE,FRUTALES,AGUACATE,AGUACATE,AGUACATE,2016,2016,295,205,2255,11.0,FRUTO FRESCO,PERSEA AMERICANA MILL.,PERMANENTE
5,ANTIOQUIA,5440,MARINILLA,FRUTALES,AGUACATE,AGUACATE,AGUACATE,2016,2016,247,116,812,7.0,FRUTO FRESCO,PERSEA AMERICANA MILL.,PERMANENTE
5,ANTIOQUIA,5697,SANTUARIO,FRUTALES,AGUACATE,AGUACATE,AGUACATE,2016,2016,213,173,1038,6.0,FRUTO FRESCO,PERSEA AMERICANA MILL.,PERMANENTE
5,ANTIOQUIA,5615,RIONEGRO,FRUTALES,AGUACATE,AGUACATE,AGUACATE,2016,2016,180,180,1800,10.0,FRUTO FRESCO,PERSEA AMERICANA MILL.,PERMANENTE
5,ANTIOQUIA,5030,AMAGA,FRUTALES,AGUACATE,AGUACATE,AGUACATE,2016,2016,129,129,1290,10.0,FRUTO FRESCO,PERSEA AMERICANA MILL.,PERMANENTE
5,ANTIOQUIA,5368,JERICO,FRUTALES,AGUACATE,AGUACATE,AGUACATE,2016,2016,126,90,900,10.0,FRUTO FRESCO,PERSEA AMERICANA MILL.,PERMANENTE
5,ANTIOQUIA,5148,CARMEN DE VIBORAL,FRUTALES,AGUACATE,AGUACATE,AGUACATE,2016,2016,122,99,1545,15.61,FRUTO FRESCO,PERSEA AMERICANA MILL.,PERMANENTE
5,ANTIOQUIA,5045,APARTADO,FRUTALES,AGUACATE,AGUACATE,AGUACATE,2016,2016,115,105,1575,15.0,FRUTO FRESCO,PERSEA AMERICANA MILL.,PERMANENTE
5,ANTIOQUIA,5490,NECOCLI,FRUTALES,AGUACATE,AGUACATE,AGUACATE,2016,2016,112,90,1800,20.0,FRUTO FRESCO,PERSEA AMERICANA MILL.,PERMANENTE
5,ANTIOQUIA,5664,SAN PEDRO,FRUTALES,AGUACATE,AGUACATE,AGUACATE,2016,2016,108,66,627,9.5,FRUTO FRESCO,PERSEA AMERICANA MILL.,PERMANENTE
5,ANTIOQUIA,5313,GRANADA,FRUTALES,AGUACATE,AGUACATE,AGUACATE,2016,2016,107,23,173,7.5,FRUTO FRESCO,PERSEA AMERICANA MILL.,PERMANENTE
5,ANTIOQUIA,5642,SALGAR,FRUTALES,AGUACATE,AGUACATE,AGUACATE,2016,2016,105,60,720,12.0,FRUTO FRESCO,PERSEA AMERICANA MILL.,PERMANENTE
5,ANTIOQUIA,5854,VALDIVIA,FRUTALES,AGUACATE,AGUACATE,AGUACATE,2016,2016,97,48,293,6.05,FRUTO FRESCO,PERSEA AMERICANA MILL.,PERMANENTE
5,ANTIOQUIA,5364,JARDIN,FRUTALES,AGUACATE,AGUACATE,AGUACATE,2016,2016,96,78,936,12.0,FRUTO FRESCO,PERSEA AMERICANA MILL.,PERMANENTE
5,ANTIOQUIA,5842,URAMITA,FRUTALES,AGUACATE,AGUACATE,AGUACATE,2016,2016,78,48,120,2.5,FRUTO FRESCO,PERSEA AMERICANA MILL.,PERMANENTE
5,ANTIOQUIA,5093,BETULIA,FRUTALES,AGUACATE,AGUACATE,AGUACATE,2016,2016,74,54,540,10.0,FRUTO FRESCO,PERSEA AMERICANA MILL.,PERMANENTE
5,ANTIOQUIA,5125,CAICEDO,FRUTALES,AGUACATE,AGUACATE,AGUACATE,2016,2016,72,27,270,10.0,FRUTO FRESCO,PERSEA AMERICANA MILL.,PERMANENTE
5,ANTIOQUIA,5789,TAMESIS,FRUTALES,AGUACATE,AGUACATE,AGUACATE,2016,2016,62,60,482,8.0,FRUTO FRESCO,PERSEA AMERICANA MILL.,PERMANENTE
5,ANTIOQUIA,5411,LIBORINA,FRUTALES,AGUACATE,AGUACATE,AGUACATE,2016,2016,60,30,90,3.0,FRUTO FRESCO,PERSEA AMERICANA MILL.,PERMANENTE
5,ANTIOQUIA,5282,FREDONIA,FRUTALES,AGUACATE,AGUACATE,AGUACATE,2016,2016,50,49,319,6.5,FRUTO FRESCO,PERSEA AMERICANA MILL.,PERMANENTE
5,ANTIOQUIA,5004,ABRIAQUI,FRUTALES,AGUACATE,AGUACATE,AGUACATE,2016,2016,49,4,32,8.0,FRUTO FRESCO,PERSEA AMERICANA MILL.,PERMANENTE
5,ANTIOQUIA,5038,ANGOSTURA,FRUTALES,AGUACATE,AGUACATE,AGUACATE,2016,2016,40,13,156,12.0,FRUTO FRESCO,PERSEA AMERICANA MILL.,PERMANENTE
5,ANTIOQUIA,5628,SABANALARGA,FRUTALES,AGUACATE,AGUACATE,AGUACATE,2016,2016,40,5,12,2.5,FRUTO FRESCO,PERSEA AMERICANA MILL.,PERMANENTE
5,ANTIOQUIA,5501,OLAYA,FRUTALES,AGUACATE,AGUACATE,AGUACATE,2016,2016,36,20,96,4.8,FRUTO FRESCO,PERSEA AMERICANA MILL.,PERMANENTE
5,ANTIOQUIA,5761,SOPETRAN,FRUTALES,AGUACATE,AGUACATE,AGUACATE,2016,2016,36,10,75,7.5,FRUTO FRESCO,PERSEA AMERICANA MILL.,PERMANENTE
5,ANTIOQUIA,5467,MONTEBELLO,FRUTALES,AGUACATE,AGUACATE,AGUACATE,2016,2016,35,17,170,10.0,FRUTO FRESCO,PERSEA AMERICANA MILL.,PERMANENTE
5,ANTIOQUIA,5361,ITUANGO,FRUTALES,AGUACATE,AGUACATE,AGUACATE,2016,2016,33,18,108,6.0,FRUTO FRESCO,PERSEA AMERICANA MILL.,PERMANENTE
5,ANTIOQUIA,5001,MEDELLIN,FRUTALES,AGUACATE,AGUACATE,AGUACATE,2016,2016,33,33,198,6.0,FRUTO FRESCO,PERSEA AMERICANA MILL.,PERMANENTE
5,ANTIOQUIA,5543,PEQUE,FRUTALES,AGUACATE,AGUACATE,AGUACATE,2016,2016,33,21,32,1.5,FRUTO FRESCO,PERSEA AMERICANA MILL.,PERMANENTE
5,ANTIOQUIA,5240,EBEJICO,FRUTALES,AGUACATE,AGUACATE,AGUACATE,2016,2016,33,3,5,2.0,FRUTO FRESCO,PERSEA AMERICANA MILL.,PERMANENTE
5,ANTIOQUIA,5400,LA UNION,FRUTALES,AGUACATE,AGUACATE,AGUACATE,2016,2016,33,26,179,7.0,FRUTO FRESCO,PERSEA AMERICANA MILL.,PERMANENTE
5,ANTIOQUIA,5055,ARGELIA,FRUTALES,AGUACATE,AGUACATE,AGUACATE,2016,2016,32,17,102,6.0,FRUTO FRESCO,PERSEA AMERICANA MILL.,PERMANENTE
5,ANTIOQUIA,5792,TARSO,FRUTALES,AGUACATE,AGUACATE,AGUACATE,2016,2016,31,31,188,6.0,FRUTO FRESCO,PERSEA AMERICANA MILL.,PERMANENTE
5,ANTIOQUIA,5044,ANZA,FRUTALES,AGUACATE,AGUACATE,AGUACATE,2016,2016,30,2,14,7.0,FRUTO FRESCO,PERSEA AMERICANA MILL.,PERMANENTE
5,ANTIOQUIA,5887,YARUMAL,FRUTALES,AGUACATE,AGUACATE,AGUACATE,2016,2016,30,25,79,3.18,FRUTO FRESCO,PERSEA AMERICANA MILL.,PERMANENTE
5,ANTIOQUIA,5873,VIGIA DEL FUERTE,FRUTALES,AGUACATE,AGUACATE,AGUACATE,2016,2016,29,25,196,8.0,FRUTO FRESCO,PERSEA AMERICANA MILL.,PERMANENTE
5,ANTIOQUIA,5036,ANGELOPOLIS,FRUTALES,AGUACATE,AGUACATE,AGUACATE,2016,2016,28,28,140,5.0,FRUTO FRESCO,PERSEA AMERICANA MILL.,PERMANENTE
5,ANTIOQUIA,5042,SANTAFE DE ANTIOQUIA,FRUTALES,AGUACATE,AGUACATE,AGUACATE,2016,2016,28,0,0,,FRUTO FRESCO,PERSEA AMERICANA MILL.,PERMANENTE
5,ANTIOQUIA,5059,ARMENIA,FRUTALES,AGUACATE,AGUACATE,AGUACATE,2016,2016,27,6,18,3.0,FRUTO FRESCO,PERSEA AMERICANA MILL.,PERMANENTE
5,ANTIOQUIA,5113,BURITICA,FRUTALES,AGUACATE,AGUACATE,AGUACATE,2016,2016,27,0,0,,FRUTO FRESCO,PERSEA AMERICANA MILL.,PERMANENTE
5,ANTIOQUIA,5321,GUATAPE,FRUTALES,AGUACATE,AGUACATE,AGUACATE,2016,2016,27,21,132,6.26,FRUTO FRESCO,PERSEA AMERICANA MILL.,PERMANENTE
5,ANTIOQUIA,5656,SAN JERONIMO,FRUTALES,AGUACATE,AGUACATE,AGUACATE,2016,2016,27,0,0,,FRUTO FRESCO,PERSEA AMERICANA MILL.,PERMANENTE
5,ANTIOQUIA,5138,CAÑASGORDAS,FRUTALES,AGUACATE,AGUACATE,AGUACATE,2016,2016,25,0,0,,FRUTO FRESCO,PERSEA AMERICANA MILL.,PERMANENTE
5,ANTIOQUIA,5306,GIRALDO,FRUTALES,AGUACATE,AGUACATE,AGUACATE,2016,2016,25,2,8,4.0,FRUTO FRESCO,PERSEA AMERICANA MILL.,PERMANENTE
5,ANTIOQUIA,5856,VALPARAISO,FRUTALES,AGUACATE,AGUACATE,AGUACATE,2016,2016,24,17,136,8.0,FRUTO FRESCO,PERSEA AMERICANA MILL.,PERMANENTE
5,ANTIOQUIA,5861,VENECIA,FRUTALES,AGUACATE,AGUACATE,AGUACATE,2016,2016,22,21,103,5.0,FRUTO FRESCO,PERSEA AMERICANA MILL.,PERMANENTE
5,ANTIOQUIA,5234,DABEIBA,FRUTALES,AGUACATE,AGUACATE,AGUACATE,2016,2016,21,0,0,,FRUTO FRESCO,PERSEA AMERICANA MILL.,PERMANENTE
5,ANTIOQUIA,5147,CAREPA,FRUTALES,AGUACATE,AGUACATE,AGUACATE,2016,2016,20,0,0,,FRUTO FRESCO,PERSEA AMERICANA MILL.,PERMANENTE
5,ANTIOQUIA,5264,ENTRERRIOS,FRUTALES,AGUACATE,AGUACATE,AGUACATE,2016,2016,20,8,80,10.0,FRUTO FRESCO,PERSEA AMERICANA MILL.,PERMANENTE
5,ANTIOQUIA,5347,HELICONIA,FRUTALES,AGUACATE,AGUACATE,AGUACATE,2016,2016,17,16,48,3.0,FRUTO FRESCO,PERSEA AMERICANA MILL.,PERMANENTE
5,ANTIOQUIA,5142,CARACOLI,FRUTALES,AGUACATE,AGUACATE,AGUACATE,2016,2016,16,15,75,5.0,FRUTO FRESCO,PERSEA AMERICANA MILL.,PERMANENTE
5,ANTIOQUIA,5649,SAN CARLOS,FRUTALES,AGUACATE,AGUACATE,AGUACATE,2016,2016,16,16,48,3.0,FRUTO FRESCO,PERSEA AMERICANA MILL.,PERMANENTE
5,ANTIOQUIA,5686,SANTA ROSA DE OSOS,FRUTALES,AGUACATE,AGUACATE,AGUACATE,2016,2016,16,3,30,10.0,FRUTO FRESCO,PERSEA AMERICANA MILL.,PERMANENTE
5,ANTIOQUIA,5209,CONCORDIA,FRUTALES,AGUACATE,AGUACATE,AGUACATE,2016,2016,15,8,120,15.0,FRUTO FRESCO,PERSEA AMERICANA MILL.,PERMANENTE
5,ANTIOQUIA,5483,NARIÑO,FRUTALES,AGUACATE,AGUACATE,AGUACATE,2016,2016,15,14,99,7.1,FRUTO FRESCO,PERSEA AMERICANA MILL.,PERMANENTE
5,ANTIOQUIA,5284,FRONTINO,FRUTALES,AGUACATE,AGUACATE,AGUACATE,2016,2016,14,9,47,5.37,FRUTO FRESCO,PERSEA AMERICANA MILL.,PERMANENTE
5,ANTIOQUIA,5086,BELMIRA,FRUTALES,AGUACATE,AGUACATE,AGUACATE,2016,2016,13,8,96,12.0,FRUTO FRESCO,PERSEA AMERICANA MILL.,PERMANENTE
5,ANTIOQUIA,5129,CALDAS,FRUTALES,AGUACATE,AGUACATE,AGUACATE,2016,2016,12,12,46,4.0,FRUTO FRESCO,PERSEA AMERICANA MILL.,PERMANENTE
5,ANTIOQUIA,5145,CARAMANTA,FRUTALES,AGUACATE,AGUACATE,AGUACATE,2016,2016,12,8,96,12.0,FRUTO FRESCO,PERSEA AMERICANA MILL.,PERMANENTE
5,ANTIOQUIA,5647,SAN ANDRES,FRUTALES,AGUACATE,AGUACATE,AGUACATE,2016,2016,10,7,21,3.0,FRUTO FRESCO,PERSEA AMERICANA MILL.,PERMANENTE
5,ANTIOQUIA,5819,TOLEDO,FRUTALES,AGUACATE,AGUACATE,AGUACATE,2016,2016,9,4,24,6.0,FRUTO FRESCO,PERSEA AMERICANA MILL.,PERMANENTE
5,ANTIOQUIA,5237,DON MATIAS,FRUTALES,AGUACATE,AGUACATE,AGUACATE,2016,2016,7,7,35,5.0,FRUTO FRESCO,PERSEA AMERICANA MILL.,PERMANENTE
5,ANTIOQUIA,5308,GIRARDOTA,FRUTALES,AGUACATE,AGUACATE,AGUACATE,2016,2016,7,5,40,8.0,FRUTO FRESCO,PERSEA AMERICANA MILL.,PERMANENTE
5,ANTIOQUIA,5380,LA ESTRELLA,FRUTALES,AGUACATE,AGUACATE,AGUACATE,2016,2016,7,5,35,7.0,FRUTO FRESCO,PERSEA AMERICANA MILL.,PERMANENTE
5,ANTIOQUIA,5353,HISPANIA,FRUTALES,AGUACATE,AGUACATE,AGUACATE,2016,2016,6,6,52,8.7,FRUTO FRESCO,PERSEA AMERICANA MILL.,PERMANENTE
5,ANTIOQUIA,5079,BARBOSA,FRUTALES,AGUACATE,AGUACATE,AGUACATE,2016,2016,5,4,32,8.0,FRUTO FRESCO,PERSEA AMERICANA MILL.,PERMANENTE
5,ANTIOQUIA,5206,CONCEPCION,FRUTALES,AGUACATE,AGUACATE,AGUACATE,2016,2016,5,5,15,3.0,FRUTO FRESCO,PERSEA AMERICANA MILL.,PERMANENTE
5,ANTIOQUIA,5809,TITIRIBI,FRUTALES,AGUACATE,AGUACATE,AGUACATE,2016,2016,4,4,19,5.5,FRUTO FRESCO,PERSEA AMERICANA MILL.,PERMANENTE
5,ANTIOQUIA,5847,URRAO,FRUTALES,AGUACATE,AGUACATE,AGUACATE,2017,2017,2490,1616,58146,35.98,FRUTO FRESCO,PERSEA AMERICANA MILL.,PERMANENTE
5,ANTIOQUIA,5756,SONSON,FRUTALES,AGUACATE,AGUACATE,AGUACATE,2017,2017,1550,1350,20250,15.0,FRUTO FRESCO,PERSEA AMERICANA MILL.,PERMANENTE
5,ANTIOQUIA,5679,SANTA BARBARA,FRUTALES,AGUACATE,AGUACATE,AGUACATE,2017,2017,710,685,4110,6.0,FRUTO FRESCO,PERSEA AMERICANA MILL.,PERMANENTE
5,ANTIOQUIA,5541,PEÑOL,FRUTALES,AGUACATE,AGUACATE,AGUACATE,2017,2017,619,456,5472,12.0,FRUTO FRESCO,PERSEA AMERICANA MILL.,PERMANENTE
5,ANTIOQUIA,5674,SAN VICENTE,FRUTALES,AGUACATE,AGUACATE,AGUACATE,2017,2017,600,225,2363,10.5,FRUTO FRESCO,PERSEA AMERICANA MILL.,PERMANENTE
5,ANTIOQUIA,5607,RETIRO,FRUTALES,AGUACATE,AGUACATE,AGUACATE,2017,2017,577,373,7460,20.0,FRUTO FRESCO,PERSEA AMERICANA MILL.,PERMANENTE
5,ANTIOQUIA,5002,ABEJORRAL,FRUTALES,AGUACATE,AGUACATE,AGUACATE,2017,2017,506,446,8474,19.0,FRUTO FRESCO,PERSEA AMERICANA MILL.,PERMANENTE
5,ANTIOQUIA,5376,LA CEJA,FRUTALES,AGUACATE,AGUACATE,AGUACATE,2017,2017,382,362,2896,8.0,FRUTO FRESCO,PERSEA AMERICANA MILL.,PERMANENTE
5,ANTIOQUIA,5318,GUARNE,FRUTALES,AGUACATE,AGUACATE,AGUACATE,2017,2017,372,291,2619,9.0,FRUTO FRESCO,PERSEA AMERICANA MILL.,PERMANENTE
5,ANTIOQUIA,5837,TURBO,FRUTALES,AGUACATE,AGUACATE,AGUACATE,2017,2017,329,140,1400,10.0,FRUTO FRESCO,PERSEA AMERICANA MILL.,PERMANENTE
5,ANTIOQUIA,5368,JERICO,FRUTALES,AGUACATE,AGUACATE,AGUACATE,2017,2017,326,90,900,10.0,FRUTO FRESCO,PERSEA AMERICANA MILL.,PERMANENTE
5,ANTIOQUIA,5440,MARINILLA,FRUTALES,AGUACATE,AGUACATE,AGUACATE,2017,2017,297,215,1502,7.0,FRUTO FRESCO,PERSEA AMERICANA MILL.,PERMANENTE
5,ANTIOQUIA,5697,SANTUARIO,FRUTALES,AGUACATE,AGUACATE,AGUACATE,2017,2017,217,187,1122,6.0,FRUTO FRESCO,PERSEA AMERICANA MILL.,PERMANENTE
5,ANTIOQUIA,5615,RIONEGRO,FRUTALES,AGUACATE,AGUACATE,AGUACATE,2017,2017,195,160,1600,10.0,FRUTO FRESCO,PERSEA AMERICANA MILL.,PERMANENTE
5,ANTIOQUIA,5411,LIBORINA,FRUTALES,AGUACATE,AGUACATE,AGUACATE,2017,2017,182,30,90,3.0,FRUTO FRESCO,PERSEA AMERICANA MILL.,PERMANENTE
5,ANTIOQUIA,5642,SALGAR,FRUTALES,AGUACATE,AGUACATE,AGUACATE,2017,2017,130,87,1044,12.0,FRUTO FRESCO,PERSEA AMERICANA MILL.,PERMANENTE
5,ANTIOQUIA,5030,AMAGA,FRUTALES,AGUACATE,AGUACATE,AGUACATE,2017,2017,129,129,1290,10.0,FRUTO FRESCO,PERSEA AMERICANA MILL.,PERMANENTE
5,ANTIOQUIA,5148,CARMEN DE VIBORAL,FRUTALES,AGUACATE,AGUACATE,AGUACATE,2017,2017,122,88,1760,20.0,FRUTO FRESCO,PERSEA AMERICANA MILL.,PERMANENTE
5,ANTIOQUIA,5313,GRANADA,FRUTALES,AGUACATE,AGUACATE,AGUACATE,2017,2017,122,27,203,7.5,FRUTO FRESCO,PERSEA AMERICANA MILL.,PERMANENTE
5,ANTIOQUIA,5490,NECOCLI,FRUTALES,AGUACATE,AGUACATE,AGUACATE,2017,2017,113,99,1980,20.0,FRUTO FRESCO,PERSEA AMERICANA MILL.,PERMANENTE
5,ANTIOQUIA,5045,APARTADO,FRUTALES,AGUACATE,AGUACATE,AGUACATE,2017,2017,110,100,1500,15.0,FRUTO FRESCO,PERSEA AMERICANA MILL.,PERMANENTE
5,ANTIOQUIA,5664,SAN PEDRO,FRUTALES,AGUACATE,AGUACATE,AGUACATE,2017,2017,105,63,625,10.0,FRUTO FRESCO,PERSEA AMERICANA MILL.,PERMANENTE
5,ANTIOQUIA,5854,VALDIVIA,FRUTALES,AGUACATE,AGUACATE,AGUACATE,2017,2017,97,77,373,4.84,FRUTO FRESCO,PERSEA AMERICANA MILL.,PERMANENTE
5,ANTIOQUIA,5364,JARDIN,FRUTALES,AGUACATE,AGUACATE,AGUACATE,2017,2017,96,78,936,12.0,FRUTO FRESCO,PERSEA AMERICANA MILL.,PERMANENTE
5,ANTIOQUIA,5467,MONTEBELLO,FRUTALES,AGUACATE,AGUACATE,AGUACATE,2017,2017,93,35,245,7.0,FRUTO FRESCO,PERSEA AMERICANA MILL.,PERMANENTE
5,ANTIOQUIA,5628,SABANALARGA,FRUTALES,AGUACATE,AGUACATE,AGUACATE,2017,2017,87,5,23,4.96,FRUTO FRESCO,PERSEA AMERICANA MILL.,PERMANENTE
5,ANTIOQUIA,5093,BETULIA,FRUTALES,AGUACATE,AGUACATE,AGUACATE,2017,2017,84,54,540,10.0,FRUTO FRESCO,PERSEA AMERICANA MILL.,PERMANENTE
5,ANTIOQUIA,5125,CAICEDO,FRUTALES,AGUACATE,AGUACATE,AGUACATE,2017,2017,72,25,188,7.5,FRUTO FRESCO,PERSEA AMERICANA MILL.,PERMANENTE
5,ANTIOQUIA,5789,TAMESIS,FRUTALES,AGUACATE,AGUACATE,AGUACATE,2017,2017,70,60,482,8.0,FRUTO FRESCO,PERSEA AMERICANA MILL.,PERMANENTE
5,ANTIOQUIA,5842,URAMITA,FRUTALES,AGUACATE,AGUACATE,AGUACATE,2017,2017,70,40,200,5.0,FRUTO FRESCO,PERSEA AMERICANA MILL.,PERMANENTE
5,ANTIOQUIA,5055,ARGELIA,FRUTALES,AGUACATE,AGUACATE,AGUACATE,2017,2017,52,17,170,10.0,FRUTO FRESCO,PERSEA AMERICANA MILL.,PERMANENTE
5,ANTIOQUIA,5107,BRICEÑO,FRUTALES,AGUACATE,AGUACATE,AGUACATE,2017,2017,50,0,0,,FRUTO FRESCO,PERSEA AMERICANA MILL.,PERMANENTE
5,ANTIOQUIA,5282,FREDONIA,FRUTALES,AGUACATE,AGUACATE,AGUACATE,2017,2017,50,49,294,6.0,FRUTO FRESCO,PERSEA AMERICANA MILL.,PERMANENTE
5,ANTIOQUIA,5004,ABRIAQUI,FRUTALES,AGUACATE,AGUACATE,AGUACATE,2017,2017,48,3,15,5.0,FRUTO FRESCO,PERSEA AMERICANA MILL.,PERMANENTE
5,ANTIOQUIA,5038,ANGOSTURA,FRUTALES,AGUACATE,AGUACATE,AGUACATE,2017,2017,44,14,168,12.0,FRUTO FRESCO,PERSEA AMERICANA MILL.,PERMANENTE
5,ANTIOQUIA,5361,ITUANGO,FRUTALES,AGUACATE,AGUACATE,AGUACATE,2017,2017,38,18,144,8.0,FRUTO FRESCO,PERSEA AMERICANA MILL.,PERMANENTE
5,ANTIOQUIA,5501,OLAYA,FRUTALES,AGUACATE,AGUACATE,AGUACATE,2017,2017,37,31,90,2.9,FRUTO FRESCO,PERSEA AMERICANA MILL.,PERMANENTE
5,ANTIOQUIA,5761,SOPETRAN,FRUTALES,AGUACATE,AGUACATE,AGUACATE,2017,2017,36,10,75,7.5,FRUTO FRESCO,PERSEA AMERICANA MILL.,PERMANENTE
5,ANTIOQUIA,5400,LA UNION,FRUTALES,AGUACATE,AGUACATE,AGUACATE,2017,2017,35,31,244,8.0,FRUTO FRESCO,PERSEA AMERICANA MILL.,PERMANENTE
5,ANTIOQUIA,5042,SANTAFE DE ANTIOQUIA,FRUTALES,AGUACATE,AGUACATE,AGUACATE,2017,2017,34,3,11,3.5,FRUTO FRESCO,PERSEA AMERICANA MILL.,PERMANENTE
5,ANTIOQUIA,5792,TARSO,FRUTALES,AGUACATE,AGUACATE,AGUACATE,2017,2017,33,31,188,6.0,FRUTO FRESCO,PERSEA AMERICANA MILL.,PERMANENTE
5,ANTIOQUIA,5001,MEDELLIN,FRUTALES,AGUACATE,AGUACATE,AGUACATE,2017,2017,33,33,198,6.0,FRUTO FRESCO,PERSEA AMERICANA MILL.,PERMANENTE
5,ANTIOQUIA,5240,EBEJICO,FRUTALES,AGUACATE,AGUACATE,AGUACATE,2017,2017,33,3,5,2.0,FRUTO FRESCO,PERSEA AMERICANA MILL.,PERMANENTE
5,ANTIOQUIA,5044,ANZA,FRUTALES,AGUACATE,AGUACATE,AGUACATE,2017,2017,30,2,15,7.3,FRUTO FRESCO,PERSEA AMERICANA MILL.,PERMANENTE
5,ANTIOQUIA,5059,ARMENIA,FRUTALES,AGUACATE,AGUACATE,AGUACATE,2017,2017,30,6,18,3.0,FRUTO FRESCO,PERSEA AMERICANA MILL.,PERMANENTE
5,ANTIOQUIA,5873,VIGIA DEL FUERTE,FRUTALES,AGUACATE,AGUACATE,AGUACATE,2017,2017,30,25,200,8.0,FRUTO FRESCO,PERSEA AMERICANA MILL.,PERMANENTE
5,ANTIOQUIA,5113,BURITICA,FRUTALES,AGUACATE,AGUACATE,AGUACATE,2017,2017,29,0,0,,FRUTO FRESCO,PERSEA AMERICANA MILL.,PERMANENTE
5,ANTIOQUIA,5138,CAÑASGORDAS,FRUTALES,AGUACATE,AGUACATE,AGUACATE,2017,2017,29,0,0,,FRUTO FRESCO,PERSEA AMERICANA MILL.,PERMANENTE
5,ANTIOQUIA,5543,PEQUE,FRUTALES,AGUACATE,AGUACATE,AGUACATE,2017,2017,29,25,38,1.5,FRUTO FRESCO,PERSEA AMERICANA MILL.,PERMANENTE
5,ANTIOQUIA,5036,ANGELOPOLIS,FRUTALES,AGUACATE,AGUACATE,AGUACATE,2017,2017,28,28,140,5.0,FRUTO FRESCO,PERSEA AMERICANA MILL.,PERMANENTE
5,ANTIOQUIA,5856,VALPARAISO,FRUTALES,AGUACATE,AGUACATE,AGUACATE,2017,2017,26,24,288,12.0,FRUTO FRESCO,PERSEA AMERICANA MILL.,PERMANENTE
5,ANTIOQUIA,5686,SANTA ROSA DE OSOS,FRUTALES,AGUACATE,AGUACATE,AGUACATE,2017,2017,25,7,117,18.0,FRUTO FRESCO,PERSEA AMERICANA MILL.,PERMANENTE
5,ANTIOQUIA,5234,DABEIBA,FRUTALES,AGUACATE,AGUACATE,AGUACATE,2017,2017,21,0,0,,FRUTO FRESCO,PERSEA AMERICANA MILL.,PERMANENTE
5,ANTIOQUIA,5306,GIRALDO,FRUTALES,AGUACATE,AGUACATE,AGUACATE,2017,2017,21,5,20,4.0,FRUTO FRESCO,PERSEA AMERICANA MILL.,PERMANENTE
5,ANTIOQUIA,5321,GUATAPE,FRUTALES,AGUACATE,AGUACATE,AGUACATE,2017,2017,21,21,133,6.5,FRUTO FRESCO,PERSEA AMERICANA MILL.,PERMANENTE
5,ANTIOQUIA,5887,YARUMAL,FRUTALES,AGUACATE,AGUACATE,AGUACATE,2017,2017,20,15,78,5.2,FRUTO FRESCO,PERSEA AMERICANA MILL.,PERMANENTE
5,ANTIOQUIA,5147,CAREPA,FRUTALES,AGUACATE,AGUACATE,AGUACATE,2017,2017,20,0,0,,FRUTO FRESCO,PERSEA AMERICANA MILL.,PERMANENTE
5,ANTIOQUIA,5264,ENTRERRIOS,FRUTALES,AGUACATE,AGUACATE,AGUACATE,2017,2017,20,8,80,10.0,FRUTO FRESCO,PERSEA AMERICANA MILL.,PERMANENTE
5,ANTIOQUIA,5347,HELICONIA,FRUTALES,AGUACATE,AGUACATE,AGUACATE,2017,2017,19,16,48,3.0,FRUTO FRESCO,PERSEA AMERICANA MILL.,PERMANENTE
5,ANTIOQUIA,5656,SAN JERONIMO,FRUTALES,AGUACATE,AGUACATE,AGUACATE,2017,2017,19,0,0,,FRUTO FRESCO,PERSEA AMERICANA MILL.,PERMANENTE
5,ANTIOQUIA,5861,VENECIA,FRUTALES,AGUACATE,AGUACATE,AGUACATE,2017,2017,17,17,77,4.5,FRUTO FRESCO,PERSEA AMERICANA MILL.,PERMANENTE
5,ANTIOQUIA,5649,SAN CARLOS,FRUTALES,AGUACATE,AGUACATE,AGUACATE,2017,2017,16,16,48,3.0,FRUTO FRESCO,PERSEA AMERICANA MILL.,PERMANENTE
5,ANTIOQUIA,5142,CARACOLI,FRUTALES,AGUACATE,AGUACATE,AGUACATE,2017,2017,15,15,75,5.0,FRUTO FRESCO,PERSEA AMERICANA MILL.,PERMANENTE
5,ANTIOQUIA,5209,CONCORDIA,FRUTALES,AGUACATE,AGUACATE,AGUACATE,2017,2017,15,8,120,15.0,FRUTO FRESCO,PERSEA AMERICANA MILL.,PERMANENTE
5,ANTIOQUIA,5483,NARIÑO,FRUTALES,AGUACATE,AGUACATE,AGUACATE,2017,2017,15,14,99,7.1,FRUTO FRESCO,PERSEA AMERICANA MILL.,PERMANENTE
5,ANTIOQUIA,5284,FRONTINO,FRUTALES,AGUACATE,AGUACATE,AGUACATE,2017,2017,14,9,53,6.0,FRUTO FRESCO,PERSEA AMERICANA MILL.,PERMANENTE
5,ANTIOQUIA,5086,BELMIRA,FRUTALES,AGUACATE,AGUACATE,AGUACATE,2017,2017,13,8,96,12.0,FRUTO FRESCO,PERSEA AMERICANA MILL.,PERMANENTE
5,ANTIOQUIA,5091,BETANIA,FRUTALES,AGUACATE,AGUACATE,AGUACATE,2017,2017,13,0,0,,FRUTO FRESCO,PERSEA AMERICANA MILL.,PERMANENTE
5,ANTIOQUIA,5819,TOLEDO,FRUTALES,AGUACATE,AGUACATE,AGUACATE,2017,2017,13,8,48,6.0,FRUTO FRESCO,PERSEA AMERICANA MILL.,PERMANENTE
5,ANTIOQUIA,5129,CALDAS,FRUTALES,AGUACATE,AGUACATE,AGUACATE,2017,2017,12,12,46,4.0,FRUTO FRESCO,PERSEA AMERICANA MILL.,PERMANENTE
5,ANTIOQUIA,5145,CARAMANTA,FRUTALES,AGUACATE,AGUACATE,AGUACATE,2017,2017,10,5,50,10.0,FRUTO FRESCO,PERSEA AMERICANA MILL.,PERMANENTE
5,ANTIOQUIA,5647,SAN ANDRES,FRUTALES,AGUACATE,AGUACATE,AGUACATE,2017,2017,10,7,21,3.0,FRUTO FRESCO,PERSEA AMERICANA MILL.,PERMANENTE
5,ANTIOQUIA,5308,GIRARDOTA,FRUTALES,AGUACATE,AGUACATE,AGUACATE,2017,2017,9,7,39,5.5,FRUTO FRESCO,PERSEA AMERICANA MILL.,PERMANENTE
5,ANTIOQUIA,5079,BARBOSA,FRUTALES,AGUACATE,AGUACATE,AGUACATE,2017,2017,8,5,11,2.1,FRUTO FRESCO,PERSEA AMERICANA MILL.,PERMANENTE
5,ANTIOQUIA,5380,LA ESTRELLA,FRUTALES,AGUACATE,AGUACATE,AGUACATE,2017,2017,7,5,35,7.0,FRUTO FRESCO,PERSEA AMERICANA MILL.,PERMANENTE
5,ANTIOQUIA,5237,DON MATIAS,FRUTALES,AGUACATE,AGUACATE,AGUACATE,2017,2017,6,5,25,5.0,FRUTO FRESCO,PERSEA AMERICANA MILL.,PERMANENTE
5,ANTIOQUIA,5206,CONCEPCION,FRUTALES,AGUACATE,AGUACATE,AGUACATE,2017,2017,5,5,15,3.0,FRUTO FRESCO,PERSEA AMERICANA MILL.,PERMANENTE
5,ANTIOQUIA,5809,TITIRIBI,FRUTALES,AGUACATE,AGUACATE,AGUACATE,2017,2017,4,4,19,5.5,FRUTO FRESCO,PERSEA AMERICANA MILL.,PERMANENTE
5,ANTIOQUIA,5353,HISPANIA,FRUTALES,AGUACATE,AGUACATE,AGUACATE,2017,2017,3,3,19,6.2,FRUTO FRESCO,PERSEA AMERICANA MILL.,PERMANENTE
5,ANTIOQUIA,5847,URRAO,FRUTALES,AGUACATE,AGUACATE,AGUACATE,2018,2018,2490,1616,53328,33.0,FRUTO FRESCO,PERSEA AMERICANA MILL.,PERMANENTE
5,ANTIOQUIA,5756,SONSON,FRUTALES,AGUACATE,AGUACATE,AGUACATE,2018,2018,2050,1350,20250,15.0,FRUTO FRESCO,PERSEA AMERICANA MILL.,PERMANENTE
5,ANTIOQUIA,5679,SANTA BARBARA,FRUTALES,AGUACATE,AGUACATE,AGUACATE,2018,2018,710,685,4110,6.0,FRUTO FRESCO,PERSEA AMERICANA MILL.,PERMANENTE
5,ANTIOQUIA,5541,PEÑOL,FRUTALES,AGUACATE,AGUACATE,AGUACATE,2018,2018,669,535,6420,12.0,FRUTO FRESCO,PERSEA AMERICANA MILL.,PERMANENTE
5,ANTIOQUIA,5607,RETIRO,FRUTALES,AGUACATE,AGUACATE,AGUACATE,2018,2018,623,478,9560,20.0,FRUTO FRESCO,PERSEA AMERICANA MILL.,PERMANENTE
5,ANTIOQUIA,5674,SAN VICENTE,FRUTALES,AGUACATE,AGUACATE,AGUACATE,2018,2018,620,265,3180,12.0,FRUTO FRESCO,PERSEA AMERICANA MILL.,PERMANENTE
5,ANTIOQUIA,5002,ABEJORRAL,FRUTALES,AGUACATE,AGUACATE,AGUACATE,2018,2018,556,476,9044,19.0,FRUTO FRESCO,PERSEA AMERICANA MILL.,PERMANENTE
5,ANTIOQUIA,5376,LA CEJA,FRUTALES,AGUACATE,AGUACATE,AGUACATE,2018,2018,388,368,3007,8.18,FRUTO FRESCO,PERSEA AMERICANA MILL.,PERMANENTE
5,ANTIOQUIA,5318,GUARNE,FRUTALES,AGUACATE,AGUACATE,AGUACATE,2018,2018,372,291,2619,9.0,FRUTO FRESCO,PERSEA AMERICANA MILL.,PERMANENTE
5,ANTIOQUIA,5440,MARINILLA,FRUTALES,AGUACATE,AGUACATE,AGUACATE,2018,2018,355,215,1609,7.5,FRUTO FRESCO,PERSEA AMERICANA MILL.,PERMANENTE
5,ANTIOQUIA,5368,JERICO,FRUTALES,AGUACATE,AGUACATE,AGUACATE,2018,2018,346,290,3190,11.0,FRUTO FRESCO,PERSEA AMERICANA MILL.,PERMANENTE
5,ANTIOQUIA,5837,TURBO,FRUTALES,AGUACATE,AGUACATE,AGUACATE,2018,2018,329,140,1400,10.0,FRUTO FRESCO,PERSEA AMERICANA MILL.,PERMANENTE
5,ANTIOQUIA,5697,SANTUARIO,FRUTALES,AGUACATE,AGUACATE,AGUACATE,2018,2018,258,187,1122,6.0,FRUTO FRESCO,PERSEA AMERICANA MILL.,PERMANENTE
5,ANTIOQUIA,5615,RIONEGRO,FRUTALES,AGUACATE,AGUACATE,AGUACATE,2018,2018,200,165,1650,10.0,FRUTO FRESCO,PERSEA AMERICANA MILL.,PERMANENTE
5,ANTIOQUIA,5411,LIBORINA,FRUTALES,AGUACATE,AGUACATE,AGUACATE,2018,2018,182,150,465,3.1,FRUTO FRESCO,PERSEA AMERICANA MILL.,PERMANENTE
5,ANTIOQUIA,5313,GRANADA,FRUTALES,AGUACATE,AGUACATE,AGUACATE,2018,2018,172,47,400,8.5,FRUTO FRESCO,PERSEA AMERICANA MILL.,PERMANENTE
5,ANTIOQUIA,5642,SALGAR,FRUTALES,AGUACATE,AGUACATE,AGUACATE,2018,2018,150,80,1040,13.0,FRUTO FRESCO,PERSEA AMERICANA MILL.,PERMANENTE
5,ANTIOQUIA,5148,CARMEN DE VIBORAL,FRUTALES,AGUACATE,AGUACATE,AGUACATE,2018,2018,135,95,1477,15.55,FRUTO FRESCO,PERSEA AMERICANA MILL.,PERMANENTE
5,ANTIOQUIA,5030,AMAGA,FRUTALES,AGUACATE,AGUACATE,AGUACATE,2018,2018,134,129,1419,11.0,FRUTO FRESCO,PERSEA AMERICANA MILL.,PERMANENTE
5,ANTIOQUIA,5125,CAICEDO,FRUTALES,AGUACATE,AGUACATE,AGUACATE,2018,2018,122,25,250,10.0,FRUTO FRESCO,PERSEA AMERICANA MILL.,PERMANENTE
5,ANTIOQUIA,5490,NECOCLI,FRUTALES,AGUACATE,AGUACATE,AGUACATE,2018,2018,116,98,1960,20.0,FRUTO FRESCO,PERSEA AMERICANA MILL.,PERMANENTE
5,ANTIOQUIA,5045,APARTADO,FRUTALES,AGUACATE,AGUACATE,AGUACATE,2018,2018,110,100,1500,15.0,FRUTO FRESCO,PERSEA AMERICANA MILL.,PERMANENTE
5,ANTIOQUIA,5664,SAN PEDRO,FRUTALES,AGUACATE,AGUACATE,AGUACATE,2018,2018,105,63,625,10.0,FRUTO FRESCO,PERSEA AMERICANA MILL.,PERMANENTE
5,ANTIOQUIA,5093,BETULIA,FRUTALES,AGUACATE,AGUACATE,AGUACATE,2018,2018,104,54,540,10.0,FRUTO FRESCO,PERSEA AMERICANA MILL.,PERMANENTE
5,ANTIOQUIA,5467,MONTEBELLO,FRUTALES,AGUACATE,AGUACATE,AGUACATE,2018,2018,99,42,336,8.0,FRUTO FRESCO,PERSEA AMERICANA MILL.,PERMANENTE
5,ANTIOQUIA,5854,VALDIVIA,FRUTALES,AGUACATE,AGUACATE,AGUACATE,2018,2018,98,77,347,4.5,FRUTO FRESCO,PERSEA AMERICANA MILL.,PERMANENTE
5,ANTIOQUIA,5364,JARDIN,FRUTALES,AGUACATE,AGUACATE,AGUACATE,2018,2018,96,78,936,12.0,FRUTO FRESCO,PERSEA AMERICANA MILL.,PERMANENTE
5,ANTIOQUIA,5628,SABANALARGA,FRUTALES,AGUACATE,AGUACATE,AGUACATE,2018,2018,95,84,215,2.55,FRUTO FRESCO,PERSEA AMERICANA MILL.,PERMANENTE
5,ANTIOQUIA,5789,TAMESIS,FRUTALES,AGUACATE,AGUACATE,AGUACATE,2018,2018,81,62,498,8.0,FRUTO FRESCO,PERSEA AMERICANA MILL.,PERMANENTE
5,ANTIOQUIA,5842,URAMITA,FRUTALES,AGUACATE,AGUACATE,AGUACATE,2018,2018,70,40,200,5.0,FRUTO FRESCO,PERSEA AMERICANA MILL.,PERMANENTE
5,ANTIOQUIA,5055,ARGELIA,FRUTALES,AGUACATE,AGUACATE,AGUACATE,2018,2018,62,49,490,10.0,FRUTO FRESCO,PERSEA AMERICANA MILL.,PERMANENTE
5,ANTIOQUIA,5107,BRICEÑO,FRUTALES,AGUACATE,AGUACATE,AGUACATE,2018,2018,50,0,0,,FRUTO FRESCO,PERSEA AMERICANA MILL.,PERMANENTE
5,ANTIOQUIA,5282,FREDONIA,FRUTALES,AGUACATE,AGUACATE,AGUACATE,2018,2018,50,49,294,6.0,FRUTO FRESCO,PERSEA AMERICANA MILL.,PERMANENTE
5,ANTIOQUIA,5004,ABRIAQUI,FRUTALES,AGUACATE,AGUACATE,AGUACATE,2018,2018,49,3,30,10.0,FRUTO FRESCO,PERSEA AMERICANA MILL.,PERMANENTE
5,ANTIOQUIA,5038,ANGOSTURA,FRUTALES,AGUACATE,AGUACATE,AGUACATE,2018,2018,44,14,168,12.0,FRUTO FRESCO,PERSEA AMERICANA MILL.,PERMANENTE
5,ANTIOQUIA,5400,LA UNION,FRUTALES,AGUACATE,AGUACATE,AGUACATE,2018,2018,41,31,244,8.0,FRUTO FRESCO,PERSEA AMERICANA MILL.,PERMANENTE
5,ANTIOQUIA,5361,ITUANGO,FRUTALES,AGUACATE,AGUACATE,AGUACATE,2018,2018,40,18,144,8.0,FRUTO FRESCO,PERSEA AMERICANA MILL.,PERMANENTE
5,ANTIOQUIA,5543,PEQUE,FRUTALES,AGUACATE,AGUACATE,AGUACATE,2018,2018,39,25,50,2.0,FRUTO FRESCO,PERSEA AMERICANA MILL.,PERMANENTE
5,ANTIOQUIA,5501,OLAYA,FRUTALES,AGUACATE,AGUACATE,AGUACATE,2018,2018,37,36,108,3.0,FRUTO FRESCO,PERSEA AMERICANA MILL.,PERMANENTE
5,ANTIOQUIA,5761,SOPETRAN,FRUTALES,AGUACATE,AGUACATE,AGUACATE,2018,2018,36,10,75,7.5,FRUTO FRESCO,PERSEA AMERICANA MILL.,PERMANENTE
5,ANTIOQUIA,5001,MEDELLIN,FRUTALES,AGUACATE,AGUACATE,AGUACATE,2018,2018,35,33,198,6.0,FRUTO FRESCO,PERSEA AMERICANA MILL.,PERMANENTE
5,ANTIOQUIA,5042,SANTAFE DE ANTIOQUIA,FRUTALES,AGUACATE,AGUACATE,AGUACATE,2018,2018,35,3,11,3.5,FRUTO FRESCO,PERSEA AMERICANA MILL.,PERMANENTE
5,ANTIOQUIA,5792,TARSO,FRUTALES,AGUACATE,AGUACATE,AGUACATE,2018,2018,34,31,188,6.0,FRUTO FRESCO,PERSEA AMERICANA MILL.,PERMANENTE
5,ANTIOQUIA,5240,EBEJICO,FRUTALES,AGUACATE,AGUACATE,AGUACATE,2018,2018,33,3,5,2.0,FRUTO FRESCO,PERSEA AMERICANA MILL.,PERMANENTE
5,ANTIOQUIA,5113,BURITICA,FRUTALES,AGUACATE,AGUACATE,AGUACATE,2018,2018,32,0,0,,FRUTO FRESCO,PERSEA AMERICANA MILL.,PERMANENTE
5,ANTIOQUIA,5686,SANTA ROSA DE OSOS,FRUTALES,AGUACATE,AGUACATE,AGUACATE,2018,2018,32,7,117,18.0,FRUTO FRESCO,PERSEA AMERICANA MILL.,PERMANENTE
5,ANTIOQUIA,5873,VIGIA DEL FUERTE,FRUTALES,AGUACATE,AGUACATE,AGUACATE,2018,2018,31,26,203,7.8,FRUTO FRESCO,PERSEA AMERICANA MILL.,PERMANENTE
5,ANTIOQUIA,5044,ANZA,FRUTALES,AGUACATE,AGUACATE,AGUACATE,2018,2018,30,2,15,7.3,FRUTO FRESCO,PERSEA AMERICANA MILL.,PERMANENTE
5,ANTIOQUIA,5059,ARMENIA,FRUTALES,AGUACATE,AGUACATE,AGUACATE,2018,2018,30,27,81,3.0,FRUTO FRESCO,PERSEA AMERICANA MILL.,PERMANENTE
5,ANTIOQUIA,5138,CAÑASGORDAS,FRUTALES,AGUACATE,AGUACATE,AGUACATE,2018,2018,29,0,0,,FRUTO FRESCO,PERSEA AMERICANA MILL.,PERMANENTE
5,ANTIOQUIA,5036,ANGELOPOLIS,FRUTALES,AGUACATE,AGUACATE,AGUACATE,2018,2018,28,28,84,3.0,FRUTO FRESCO,PERSEA AMERICANA MILL.,PERMANENTE
5,ANTIOQUIA,5856,VALPARAISO,FRUTALES,AGUACATE,AGUACATE,AGUACATE,2018,2018,26,24,336,14.0,FRUTO FRESCO,PERSEA AMERICANA MILL.,PERMANENTE
5,ANTIOQUIA,5887,YARUMAL,FRUTALES,AGUACATE,AGUACATE,AGUACATE,2018,2018,24,18,98,5.5,FRUTO FRESCO,PERSEA AMERICANA MILL.,PERMANENTE
5,ANTIOQUIA,5234,DABEIBA,FRUTALES,AGUACATE,AGUACATE,AGUACATE,2018,2018,21,21,210,10.0,FRUTO FRESCO,PERSEA AMERICANA MILL.,PERMANENTE
5,ANTIOQUIA,5306,GIRALDO,FRUTALES,AGUACATE,AGUACATE,AGUACATE,2018,2018,21,21,105,5.0,FRUTO FRESCO,PERSEA AMERICANA MILL.,PERMANENTE
5,ANTIOQUIA,5321,GUATAPE,FRUTALES,AGUACATE,AGUACATE,AGUACATE,2018,2018,21,21,133,6.5,FRUTO FRESCO,PERSEA AMERICANA MILL.,PERMANENTE
5,ANTIOQUIA,5147,CAREPA,FRUTALES,AGUACATE,AGUACATE,AGUACATE,2018,2018,20,0,0,,FRUTO FRESCO,PERSEA AMERICANA MILL.,PERMANENTE
5,ANTIOQUIA,5264,ENTRERRIOS,FRUTALES,AGUACATE,AGUACATE,AGUACATE,2018,2018,20,8,80,10.0,FRUTO FRESCO,PERSEA AMERICANA MILL.,PERMANENTE
5,ANTIOQUIA,5347,HELICONIA,FRUTALES,AGUACATE,AGUACATE,AGUACATE,2018,2018,19,16,48,3.0,FRUTO FRESCO,PERSEA AMERICANA MILL.,PERMANENTE
5,ANTIOQUIA,5656,SAN JERONIMO,FRUTALES,AGUACATE,AGUACATE,AGUACATE,2018,2018,19,0,0,,FRUTO FRESCO,PERSEA AMERICANA MILL.,PERMANENTE
5,ANTIOQUIA,5649,SAN CARLOS,FRUTALES,AGUACATE,AGUACATE,AGUACATE,2018,2018,18,16,48,3.0,FRUTO FRESCO,PERSEA AMERICANA MILL.,PERMANENTE
5,ANTIOQUIA,5861,VENECIA,FRUTALES,AGUACATE,AGUACATE,AGUACATE,2018,2018,17,17,85,5.0,FRUTO FRESCO,PERSEA AMERICANA MILL.,PERMANENTE
5,ANTIOQUIA,5142,CARACOLI,FRUTALES,AGUACATE,AGUACATE,AGUACATE,2018,2018,16,16,81,5.07,FRUTO FRESCO,PERSEA AMERICANA MILL.,PERMANENTE
5,ANTIOQUIA,5209,CONCORDIA,FRUTALES,AGUACATE,AGUACATE,AGUACATE,2018,2018,15,15,225,15.0,FRUTO FRESCO,PERSEA AMERICANA MILL.,PERMANENTE
5,ANTIOQUIA,5308,GIRARDOTA,FRUTALES,AGUACATE,AGUACATE,AGUACATE,2018,2018,15,7,49,7.0,FRUTO FRESCO,PERSEA AMERICANA MILL.,PERMANENTE
5,ANTIOQUIA,5483,NARIÑO,FRUTALES,AGUACATE,AGUACATE,AGUACATE,2018,2018,15,14,99,7.1,FRUTO FRESCO,PERSEA AMERICANA MILL.,PERMANENTE
5,ANTIOQUIA,5647,SAN ANDRES,FRUTALES,AGUACATE,AGUACATE,AGUACATE,2018,2018,15,10,30,3.0,FRUTO FRESCO,PERSEA AMERICANA MILL.,PERMANENTE
5,ANTIOQUIA,5086,BELMIRA,FRUTALES,AGUACATE,AGUACATE,AGUACATE,2018,2018,14,9,105,12.18,FRUTO FRESCO,PERSEA AMERICANA MILL.,PERMANENTE
5,ANTIOQUIA,5284,FRONTINO,FRUTALES,AGUACATE,AGUACATE,AGUACATE,2018,2018,14,9,53,6.0,FRUTO FRESCO,PERSEA AMERICANA MILL.,PERMANENTE
5,ANTIOQUIA,5091,BETANIA,FRUTALES,AGUACATE,AGUACATE,AGUACATE,2018,2018,13,0,0,,FRUTO FRESCO,PERSEA AMERICANA MILL.,PERMANENTE
5,ANTIOQUIA,5819,TOLEDO,FRUTALES,AGUACATE,AGUACATE,AGUACATE,2018,2018,13,8,56,7.0,FRUTO FRESCO,PERSEA AMERICANA MILL.,PERMANENTE
5,ANTIOQUIA,5079,BARBOSA,FRUTALES,AGUACATE,AGUACATE,AGUACATE,2018,2018,12,8,41,5.0,FRUTO FRESCO,PERSEA AMERICANA MILL.,PERMANENTE
5,ANTIOQUIA,5129,CALDAS,FRUTALES,AGUACATE,AGUACATE,AGUACATE,2018,2018,12,12,46,4.0,FRUTO FRESCO,PERSEA AMERICANA MILL.,PERMANENTE
5,ANTIOQUIA,5145,CARAMANTA,FRUTALES,AGUACATE,AGUACATE,AGUACATE,2018,2018,10,5,50,10.0,FRUTO FRESCO,PERSEA AMERICANA MILL.,PERMANENTE
5,ANTIOQUIA,5380,LA ESTRELLA,FRUTALES,AGUACATE,AGUACATE,AGUACATE,2018,2018,7,5,35,7.0,FRUTO FRESCO,PERSEA AMERICANA MILL.,PERMANENTE
5,ANTIOQUIA,5237,DON MATIAS,FRUTALES,AGUACATE,AGUACATE,AGUACATE,2018,2018,6,5,25,5.0,FRUTO FRESCO,PERSEA AMERICANA MILL.,PERMANENTE
5,ANTIOQUIA,5206,CONCEPCION,FRUTALES,AGUACATE,AGUACATE,AGUACATE,2018,2018,5,5,15,3.0,FRUTO FRESCO,PERSEA AMERICANA MILL.,PERMANENTE
5,ANTIOQUIA,5809,TITIRIBI,FRUTALES,AGUACATE,AGUACATE,AGUACATE,2018,2018,4,4,19,5.5,FRUTO FRESCO,PERSEA AMERICANA MILL.,PERMANENTE
5,ANTIOQUIA,5353,HISPANIA,FRUTALES,AGUACATE,AGUACATE,AGUACATE,2018,2018,3,3,19,6.2,FRUTO FRESCO,PERSEA AMERICANA MILL.,PERMANENTE
